http://en.wikipedia.org/wiki/Umm_Kulthum
birthPlaces	http://dbpedia.org/resource/Khedivate_of_Egypt	http://dbpedia.org/resource/El_Senbellawein	http://dbpedia.org/resource/Ottoman_Empire	http://dbpedia.org/resource/Dakahlia_Governorate	
surnames	Kulthum	
birthNames	
givenNames	Fatima Ibrahim	Umm	
foaf_names	Kulthum, Umm	Umm Kulthum	
birthDates	1898-12-30	
dbp_names	
aliases	Oum Kalthoum, Om Kalsoum, Om Koulsum, Om Kalthoum, Oumme Kalsoum, Umm Kolthoum, Om Koultoum, Ummi Kultsum, Ummi Kaltsum, Umi Kulsum, Umi Kalsum	Kalsoum, Om	


http://en.wikipedia.org/wiki/Ulisse_Aldrovandi
birthPlaces	http://dbpedia.org/resource/Bologna	
surnames	Aldrovandi	
birthNames	
givenNames	Ulisse	
foaf_names	Ulisse Aldrovandi	Aldrovandi, Ulisse	
birthDates	1522-09-11	
dbp_names	
aliases	Aldroandi, Ulisse; Aldrovandus	


http://en.wikipedia.org/wiki/Umberto_Eco
birthPlaces	http://dbpedia.org/resource/Piedmont	http://dbpedia.org/resource/Alessandria	
surnames	Eco	
birthNames	
givenNames	Umberto	
foaf_names	Umberto Eco	Eco, Umberto	
birthDates	1932-01-05	
dbp_names	
aliases	


http://en.wikipedia.org/wiki/Uriah_Heep
birthPlaces	
surnames	
birthNames	
givenNames	
foaf_names	
birthDates	
dbp_names	
aliases	


http://en.wikipedia.org/wiki/Ulf_Lundell
birthPlaces	http://dbpedia.org/resource/Stockholm	
surnames	Lundell	
birthNames	
givenNames	Ulf	Ulf Gerhard Lundell	
foaf_names	Ulf Lundell	Lundell, Ulf	
birthDates	1949-11-20	
dbp_names	
aliases	


http://en.wikipedia.org/wiki/Udit_Narayan
birthPlaces	http://dbpedia.org/resource/Nepal	http://dbpedia.org/resource/Saptari_District	http://dbpedia.org/resource/Bhardaha	
surnames	Narayan	
birthNames	
givenNames	Udit Narayan Jha	Udit	
foaf_names	Narayan, Udit	Udit Narayan	
birthDates	
dbp_names	
aliases	


http://en.wikipedia.org/wiki/Uncle_Fester
birthPlaces	
surnames	
birthNames	
givenNames	
foaf_names	
birthDates	
dbp_names	
aliases	None	


http://en.wikipedia.org/wiki/U_Thant
birthPlaces	http://dbpedia.org/resource/British_rule_in_Burma	http://dbpedia.org/resource/Pantanaw	
surnames	Thant	
birthNames	
givenNames	U	
foaf_names	Thant, U	U Thant	
birthDates	1909-01-22	
dbp_names	
aliases	


http://en.wikipedia.org/wiki/Upendra
birthPlaces	http://dbpedia.org/resource/Bangalore	http://dbpedia.org/resource/Karnataka	
surnames	
birthNames	Upendra Rao	
givenNames	
foaf_names	
birthDates	1968-09-18	
dbp_names	
aliases	Uppi	


http://en.wikipedia.org/wiki/Uri_Ariel
birthPlaces	http://dbpedia.org/resource/Afula	http://dbpedia.org/resource/Israel	
surnames	Ariel	
birthNames	
givenNames	Uri	
foaf_names	Uri Ariel	Ariel, Uri	
birthDates	1952-12-22	
dbp_names	
aliases	


http://en.wikipedia.org/wiki/Upton_Sinclair
birthPlaces	http://dbpedia.org/resource/Baltimore	
surnames	
birthNames	Upton Beall Sinclair, Jr.	
givenNames	
foaf_names	
birthDates	1878-09-20	
dbp_names	
aliases	Sinclair, Upton	


http://en.wikipedia.org/wiki/Uhuru_Kenyatta
birthPlaces	http://dbpedia.org/resource/British_Kenya	http://dbpedia.org/resource/Kenya	http://dbpedia.org/resource/Nairobi	
surnames	Kenyatta	
birthNames	
givenNames	Uhuru	
foaf_names	Uhuru Kenyatta	Kenyatta, Uhuru	
birthDates	1961-10-26	
dbp_names	
aliases	Kamwana	


http://en.wikipedia.org/wiki/Usain_Bolt
birthPlaces	http://dbpedia.org/resource/Trelawny_Parish	http://dbpedia.org/resource/Jamaica	
surnames	Bolt	
birthNames	
givenNames	Usain	
foaf_names	Bolt, Usain	Usain Bolt	
birthDates	1986-08-21	
dbp_names	
aliases	Usain St. Leo Bolt	


http://en.wikipedia.org/wiki/Ulfert_Wilke
birthPlaces	http://dbpedia.org/resource/Bavaria	
surnames	Wilke	
birthNames	
givenNames	Ulfert	
foaf_names	Wilke, Ulfert	Ulfert Wilke	
birthDates	1907	
dbp_names	
aliases	


http://en.wikipedia.org/wiki/Ur-Nammu
birthPlaces	
surnames	
birthNames	
givenNames	
foaf_names	
birthDates	
dbp_names	
aliases	


http://en.wikipedia.org/wiki/Udham_Singh
birthPlaces	http://dbpedia.org/resource/Punjab_Province_(British_India)	http://dbpedia.org/resource/Punjab,_India	http://dbpedia.org/resource/Presidencies_and_provinces_of_British_India	http://dbpedia.org/resource/Sunam	
surnames	Singh	
birthNames	
givenNames	Udham	
foaf_names	Singh, Udham	Udham Singh	
birthDates	1899-12-26	
dbp_names	
aliases	


http://en.wikipedia.org/wiki/Utagawa_Kuniyoshi
birthPlaces	http://dbpedia.org/resource/Edo	
surnames	
birthNames	
givenNames	
foaf_names	
birthDates	1797	
dbp_names	
aliases	


http://en.wikipedia.org/wiki/Ulf_Hohmann
birthPlaces	http://dbpedia.org/resource/Stuttgart	http://dbpedia.org/resource/Germany	
surnames	Hohmann	
birthNames	
givenNames	Ulf	
foaf_names	Hohmann, Ulf	Ulf Hohmann	
birthDates	1963-07-09	
dbp_names	
aliases	


http://en.wikipedia.org/wiki/Uriel
birthPlaces	
surnames	
birthNames	
givenNames	
foaf_names	
birthDates	
dbp_names	
aliases	


http://en.wikipedia.org/wiki/Ursula_K._Le_Guin
birthPlaces	http://dbpedia.org/resource/Berkeley,_California	
surnames	Le Guin	
birthNames	Ursula Kroeber	
givenNames	Ursula K.	
foaf_names	Ursula K. Le Guin	Le Guin, Ursula K.	
birthDates	1929-10-21	
dbp_names	
aliases	Kroeber, Ursula (birth name)	


http://en.wikipedia.org/wiki/Urbain_Le_Verrier
birthPlaces	http://dbpedia.org/resource/Saint-L%C3%B4	http://dbpedia.org/resource/Saint-Lô	
surnames	Le Verrier	
birthNames	
givenNames	Urbain	
foaf_names	Urbain Le Verrier	Le Verrier, Urbain	
birthDates	1811-03-11	
dbp_names	
aliases	


http://en.wikipedia.org/wiki/Urijah_Faber
birthPlaces	http://dbpedia.org/resource/Isla_Vista,_California	
surnames	Faber	
birthNames	
givenNames	Urijah	
foaf_names	Faber, Urijah	Urijah Faber	The California Kid	
birthDates	1979-05-14	1972-05-14	
dbp_names	
aliases	


http://en.wikipedia.org/wiki/Ursula_Andress
birthPlaces	http://dbpedia.org/resource/Switzerland	http://dbpedia.org/resource/Ostermundigen	
surnames	Andress	
birthNames	
givenNames	Ursula	
foaf_names	Ursula Andress	Andress, Ursula	
birthDates	1936-03-19	
dbp_names	
aliases	Andress, Ursula	


http://en.wikipedia.org/wiki/Ultron
birthPlaces	
surnames	
birthNames	
givenNames	
foaf_names	
birthDates	
dbp_names	
aliases	


http://en.wikipedia.org/wiki/Udo_Kier
birthPlaces	http://dbpedia.org/resource/Germany	http://dbpedia.org/resource/Cologne	
surnames	Kier	
birthNames	Udo Kierspe	
givenNames	Udo	
foaf_names	Kier, Udo	Udo Kier	
birthDates	1944-10-14	
dbp_names	
aliases	


http://en.wikipedia.org/wiki/Urban_Meyer
birthPlaces	http://dbpedia.org/resource/University_of_Toledo	http://dbpedia.org/resource/Toledo,_Ohio	
surnames	Meyer	
birthNames	
givenNames	Urban	
foaf_names	Urban Meyer	Meyer, Urban	
birthDates	1964-07-10	
dbp_names	
aliases	Meyer, Urban Frank, III; Meyer, Urban F., III	


http://en.wikipedia.org/wiki/Umrao_Singh
birthPlaces	http://dbpedia.org/resource/Punjab_region	http://dbpedia.org/resource/Presidencies_and_provinces_of_British_India	http://dbpedia.org/resource/Palra	
surnames	Singh	
birthNames	
givenNames	Umrao	
foaf_names	Umrao Singh	Singh, Umrao	
birthDates	1920-11-21	
dbp_names	
aliases	


http://en.wikipedia.org/wiki/Upali
birthPlaces	
surnames	
birthNames	
givenNames	
foaf_names	
birthDates	
dbp_names	
aliases	


http://en.wikipedia.org/wiki/Uncle_Tom
birthPlaces	
surnames	
birthNames	
givenNames	
foaf_names	
birthDates	
dbp_names	
aliases	


http://en.wikipedia.org/wiki/Uziel_Gal
birthPlaces	http://dbpedia.org/resource/Germany	http://dbpedia.org/resource/Weimar	http://dbpedia.org/resource/Weimar_Republic	
surnames	Gal	
birthNames	Gotthard Glas	
givenNames	Uziel	
foaf_names	Uziel Gal	Gal, Uziel	Uziel \"Uzi\" Gal	
birthDates	1923-12-15	
dbp_names	
aliases	


http://en.wikipedia.org/wiki/Usher_(entertainer)
birthPlaces	http://dbpedia.org/resource/Dallas	http://dbpedia.org/resource/Texas	
surnames	
birthNames	Usher Terry Raymond IV	
givenNames	
foaf_names	
birthDates	1978-10-14	
dbp_names	
aliases	IV, Usher Raymond	


http://en.wikipedia.org/wiki/Ugo_Rondinone
birthPlaces	
surnames	Rondinone	
birthNames	
givenNames	Ugo	
foaf_names	Ugo Rondinone	Rondinone, Ugo	
birthDates	1964	
dbp_names	
aliases	


http://en.wikipedia.org/wiki/Ulrich_Thomsen
birthPlaces	http://dbpedia.org/resource/Odense	http://dbpedia.org/resource/Denmark	
surnames	Thomsen	
birthNames	
givenNames	Ulrich	
foaf_names	Thomsen, Ulrich	Ulrich Thomsen	
birthDates	1963-12-06	
dbp_names	
aliases	


http://en.wikipedia.org/wiki/Utah_Phillips
birthPlaces	http://dbpedia.org/resource/United_States	http://dbpedia.org/resource/Cleveland	
surnames	Phillips	
birthNames	
givenNames	Utah	Bruce Duncan Phillips	
foaf_names	Utah Phillips	Phillips, Utah	
birthDates	1935-05-15	
dbp_names	
aliases	Phillips, Bruce	


http://en.wikipedia.org/wiki/Ulster_Cycle
birthPlaces	
surnames	
birthNames	
givenNames	
foaf_names	
birthDates	
dbp_names	
aliases	


http://en.wikipedia.org/wiki/Utagawa_Toyokuni
birthPlaces	
surnames	
birthNames	
givenNames	
foaf_names	
birthDates	1769	
dbp_names	
aliases	


http://en.wikipedia.org/wiki/Upamanyu_Chatterjee
birthPlaces	http://dbpedia.org/resource/Patna	
surnames	Chatterjee	
birthNames	
givenNames	Upamanyu	
foaf_names	Upamanyu Chatterjee	Chatterjee, Upamanyu	উপমন্যু চট্টোপাধ্যায়	
birthDates	1959	
dbp_names	
aliases	


http://en.wikipedia.org/wiki/Uri_Geller
birthPlaces	http://dbpedia.org/resource/Tel_Aviv	http://dbpedia.org/resource/Mandatory_Palestine	http://dbpedia.org/resource/Israel	
surnames	Geller	
birthNames	
givenNames	Uri	
foaf_names	Uri Geller	Geller, Uri	
birthDates	1946-12-20	
dbp_names	
aliases	


http://en.wikipedia.org/wiki/Uri_Avnery
birthPlaces	http://dbpedia.org/resource/Beckum,_Germany	
surnames	Avnery	
birthNames	
givenNames	Uri	
foaf_names	Uri Avnery	Avnery, Uri	
birthDates	1923-09-10	
dbp_names	
aliases	


http://en.wikipedia.org/wiki/Uschi_Obermaier
birthPlaces	
surnames	Obermaier	
birthNames	
givenNames	Uschi	
foaf_names	Uschi Obermaier	Obermaier, Uschi	
birthDates	1946-09-24	
dbp_names	
aliases	Obermaier, Ursula	


http://en.wikipedia.org/wiki/Upul_Tharanga
birthPlaces	http://dbpedia.org/resource/Balapitiya	http://dbpedia.org/resource/Sri_Lanka	
surnames	Tharanga	
birthNames	
givenNames	Upul	
foaf_names	Warushavithana Upul Tharanga	Tharanga, Upul	Upul Tharanga	උපුල් තරංග	
birthDates	1985-02-02	
dbp_names	
aliases	


http://en.wikipedia.org/wiki/Ulloor_S._Parameswara_Iyer
birthPlaces	http://dbpedia.org/resource/Changanassery	http://dbpedia.org/resource/Kerala	
surnames	Iyer	
birthNames	
givenNames	Ulloor S. Parameswara	
foaf_names	Iyer, Ulloor S. Parameswara	Ulloor S. Parameswara Iyer	
birthDates	1879	
dbp_names	
aliases	


http://en.wikipedia.org/wiki/Ustad_Ahmad_Lahauri
birthPlaces	http://dbpedia.org/resource/Mughal_Empire	
surnames	Ustad Ahmad	
birthNames	
givenNames	Lahauri	
foaf_names	Ahmad Lahori	Ustad Ahmad, Lahauri	Lahauri Ustad Ahmad	
birthDates	
dbp_names	
aliases	


http://en.wikipedia.org/wiki/Ute_Lemper
birthPlaces	http://dbpedia.org/resource/Germany	http://dbpedia.org/resource/West_Germany	http://dbpedia.org/resource/M%C3%BCnster	http://dbpedia.org/resource/Münster	
surnames	Lemper	
birthNames	
givenNames	Ute	
foaf_names	Ute Lemper	Lemper, Ute	
birthDates	1963-07-04	
dbp_names	
aliases	


http://en.wikipedia.org/wiki/Ulysses_S._Grant
birthPlaces	http://dbpedia.org/resource/Point_Pleasant,_Ohio	http://dbpedia.org/resource/Clermont_County,_Ohio	
surnames	Grant	
birthNames	
givenNames	Ulysses S.	
foaf_names	Ulysses Grant	Grant, Ulysses S.	Ulysses S. Grant	
birthDates	1822-04-27	
dbp_names	
aliases	Hiram Ulysses Grant	


http://en.wikipedia.org/wiki/Ulugh_Beg
birthPlaces	http://dbpedia.org/resource/Soltaniyeh	
surnames	Beg	
birthNames	
givenNames	Ulugh	
foaf_names	Beg, Ulugh	Ulugh Beg	
birthDates	1394-03-22	
dbp_names	
aliases	


http://en.wikipedia.org/wiki/Uma_Thurman
birthPlaces	http://dbpedia.org/resource/Boston	http://dbpedia.org/resource/Massachusetts	
surnames	Thurman	
birthNames	Uma Karuna Thurman	
givenNames	Uma Karuna	
foaf_names	Uma Karuna Thurman	Thurman, Uma Karuna	
birthDates	1970-04-29	
dbp_names	
aliases	


http://en.wikipedia.org/wiki/Uesugi_Kenshin
birthPlaces	http://dbpedia.org/resource/Japan	http://dbpedia.org/resource/Echigo_Province	
surnames	Uesugi	
birthNames	
givenNames	Kenshin	
foaf_names	Kenshin Uesugi	Uesugi Kenshin	Uesugi, Kenshin	
birthDates	1530-02-18	
dbp_names	
aliases	上杉 謙信 (Japanese)	


http://en.wikipedia.org/wiki/Urs_B%C3%BChler
birthPlaces	http://dbpedia.org/resource/Canton_of_Lucerne	http://dbpedia.org/resource/Switzerland	http://dbpedia.org/resource/Willisau	
surnames	Buhler	
birthNames	
givenNames	Urs	
foaf_names	Urs Buhler	
birthDates	1971-07-19	
dbp_names	
aliases	


http://en.wikipedia.org/wiki/Umberto_Boccioni
birthPlaces	http://dbpedia.org/resource/Italy	http://dbpedia.org/resource/Reggio_Calabria	
surnames	Boccioni	
birthNames	
givenNames	Umberto	
foaf_names	Umberto Boccioni	Boccioni, Umberto	
birthDates	1882-10-19	
dbp_names	
aliases	


http://en.wikipedia.org/wiki/Underwood_Dudley
birthPlaces	
surnames	Dudley	
birthNames	
givenNames	Underwood	
foaf_names	Underwood Dudley	Dudley, Underwood	
birthDates	1937-01-06	
dbp_names	
aliases	


http://en.wikipedia.org/wiki/U-Roy
birthPlaces	http://dbpedia.org/resource/Jamaica	
surnames	
birthNames	
givenNames	
foaf_names	
birthDates	1942-09-21	
dbp_names	
aliases	Originator, The	The Originator	


http://en.wikipedia.org/wiki/Uday_Hussein
birthPlaces	http://dbpedia.org/resource/Iraqi_Republic_(1958%E2%80%9368)	http://dbpedia.org/resource/Iraqi_Republic_(1958–68)	http://dbpedia.org/resource/Tikrit	
surnames	Hussein	
birthNames	
givenNames	Uday	
foaf_names	Hussein, Uday	Uday Hussein	
birthDates	1964-06-18	
dbp_names	
aliases	


http://en.wikipedia.org/wiki/Uli_Jon_Roth
birthPlaces	http://dbpedia.org/resource/West_Germany	http://dbpedia.org/resource/D%C3%BCsseldorf	http://dbpedia.org/resource/Düsseldorf	
surnames	Roth	
birthNames	
givenNames	Ulrich	
foaf_names	Roth, Ulrich	Ulrich Roth	Uli Jon Roth	
birthDates	1954-12-18	
dbp_names	
aliases	Ulrich Roth	


http://en.wikipedia.org/wiki/Uta_Pippig
birthPlaces	
surnames	Pippig	
birthNames	
givenNames	Uta	
foaf_names	Pippig, Uta	Uta Pippig	
birthDates	1965-09-07	
dbp_names	
aliases	


http://en.wikipedia.org/wiki/Ugrasena
birthPlaces	
surnames	
birthNames	
givenNames	
foaf_names	
birthDates	
dbp_names	
aliases	


http://en.wikipedia.org/wiki/Ungulani_Ba_Ka_Khosa
birthPlaces	http://dbpedia.org/resource/Sofala_Province	
surnames	Khosa	
birthNames	
givenNames	Ungulani Ba Ka	
foaf_names	Ungulani Ba Ka Khosa	Khosa, Ungulani Ba Ka	
birthDates	1957-08-01	
dbp_names	
aliases	Francisco Esaú Cossa	


http://en.wikipedia.org/wiki/Umberto_Bossi
birthPlaces	http://dbpedia.org/resource/Kingdom_of_Italy	http://dbpedia.org/resource/Cassano_Magnago	
surnames	Bossi	
birthNames	
givenNames	Umberto	
foaf_names	Umberto Bossi	Bossi, Umberto	
birthDates	1941-09-19	
dbp_names	
aliases	


http://en.wikipedia.org/wiki/Uta_Frith
birthPlaces	http://dbpedia.org/resource/Rockenhausen	http://dbpedia.org/resource/Nazi_Germany	
surnames	Frith	
birthNames	Uta Aurnhammer	
givenNames	Uta	
foaf_names	Uta Frith	Frith, Uta	
birthDates	1941-05-25	
dbp_names	
aliases	


http://en.wikipedia.org/wiki/Urien
birthPlaces	
surnames	
birthNames	
givenNames	
foaf_names	
birthDates	
dbp_names	
aliases	


http://en.wikipedia.org/wiki/Uqba_ibn_Nafi
birthPlaces	
surnames	
birthNames	
givenNames	
foaf_names	
birthDates	0622	
dbp_names	
aliases	


http://en.wikipedia.org/wiki/Ursula_and_Sabina_Eriksson
birthPlaces	http://dbpedia.org/resource/Sunne,_Sweden	
surnames	Eriksson	
birthNames	
givenNames	Ursula and Sabina	
foaf_names	Eriksson, Ursula and Sabina	Ursula and Sabina Eriksson	
birthDates	1967	
dbp_names	
aliases	


http://en.wikipedia.org/wiki/Uday_Chopra
birthPlaces	http://dbpedia.org/resource/Mumbai	http://dbpedia.org/resource/India	http://dbpedia.org/resource/Maharashtra	
surnames	Chopra	
birthNames	Uday Chopra	
givenNames	Uday	
foaf_names	Uday Chopra	Chopra, Uday	
birthDates	1973-01-05	
dbp_names	
aliases	


http://en.wikipedia.org/wiki/Umar_Farouk_Abdulmutallab
birthPlaces	http://dbpedia.org/resource/Nigeria	http://dbpedia.org/resource/Lagos	
surnames	Abdulmutallab	
birthNames	
givenNames	Umar Farouk Abdulmutallab	
foaf_names	Umar Farouk Abdulmutallab Abdulmutallab	Abdulmutallab, Umar Farouk Abdulmutallab	Umar Farouk Abdulmutallab	
birthDates	1986-12-22	
dbp_names	
aliases	Omar Farooq al-Nigeri	


http://en.wikipedia.org/wiki/Uli_Edel
birthPlaces	http://dbpedia.org/resource/Neuenburg_am_Rhein	http://dbpedia.org/resource/Allied-occupied_Germany	http://dbpedia.org/resource/South_Baden	
surnames	Edel	
birthNames	
givenNames	Uli	
foaf_names	Edel, Uli	Uli Edel	
birthDates	1947-04-11	
dbp_names	
aliases	


http://en.wikipedia.org/wiki/Ulrich_Schnauss
birthPlaces	
surnames	Schnauss	
birthNames	
givenNames	Ulrich	
foaf_names	Ulrich Schnauss	Schnauss, Ulrich	
birthDates	1977	
dbp_names	
aliases	


http://en.wikipedia.org/wiki/Ury%C5%AB_Ishida
birthPlaces	
surnames	
birthNames	
givenNames	
foaf_names	
birthDates	
dbp_names	
aliases	


http://en.wikipedia.org/wiki/Ulay
birthPlaces	http://dbpedia.org/resource/Germany	http://dbpedia.org/resource/Solingen	
surnames	
birthNames	Frank Uwe Laysiepen	
givenNames	
foaf_names	
birthDates	1943-11-30	
dbp_names	
aliases	


http://en.wikipedia.org/wiki/Urubhanga
birthPlaces	
surnames	
birthNames	
givenNames	
foaf_names	
birthDates	
dbp_names	
aliases	


http://en.wikipedia.org/wiki/Ume_Aoki
birthPlaces	http://dbpedia.org/resource/Hyōgo_Prefecture	http://dbpedia.org/resource/Hy%C5%8Dgo_Prefecture	
surnames	Aoki	
birthNames	
givenNames	Ume	
foaf_names	Ume Aoki	Aoki, Ume	
birthDates	
dbp_names	
aliases	


http://en.wikipedia.org/wiki/Ulrike_Meinhof
birthPlaces	http://dbpedia.org/resource/Oldenburg	
surnames	Meinhof	
birthNames	
givenNames	Ulrike Marie	
foaf_names	Ulrike Marie Meinhof	Meinhof, Ulrike Marie	
birthDates	1934-10-07	
dbp_names	
aliases	


http://en.wikipedia.org/wiki/Usman_dan_Fodio
birthPlaces	http://dbpedia.org/resource/Gobir	
surnames	dan Fodio	
birthNames	
givenNames	Usman	
foaf_names	Usman dan Fodio	dan Fodio, Usman	
birthDates	1754	
dbp_names	
aliases	


http://en.wikipedia.org/wiki/Umar_of_Borno
birthPlaces	
surnames	
birthNames	
givenNames	
foaf_names	
birthDates	
dbp_names	
aliases	


http://en.wikipedia.org/wiki/Ulli_Lommel
birthPlaces	http://dbpedia.org/resource/Lubusz_Voivodeship	http://dbpedia.org/resource/Sulęcin	http://dbpedia.org/resource/Sul%C4%99cin	http://dbpedia.org/resource/Nazi_Germany	http://dbpedia.org/resource/Oststernberg	
surnames	Lommel	
birthNames	
givenNames	Ulli	
foaf_names	Lommel, Ulli	Ulli Lommel	
birthDates	1944-12-21	
dbp_names	
aliases	


http://en.wikipedia.org/wiki/Umberto_Nobile
birthPlaces	
surnames	Nobile	
birthNames	
givenNames	Umberto	
foaf_names	Nobile, Umberto	Umberto Nobile	
birthDates	1885-01-21	
dbp_names	
aliases	


http://en.wikipedia.org/wiki/Ugo_Mulas
birthPlaces	
surnames	Mulas	
birthNames	
givenNames	Ugo	
foaf_names	Mulas, Ugo	Ugo Mulas	
birthDates	1928-08-28	
dbp_names	
aliases	


http://en.wikipedia.org/wiki/Uffa_Fox
birthPlaces	
surnames	Fox	
birthNames	
givenNames	Uffa	
foaf_names	Uffa Fox	Fox, Uffa	
birthDates	1898-01-15	
dbp_names	
aliases	


http://en.wikipedia.org/wiki/Ursula_Goodenough
birthPlaces	
surnames	Goodenough	
birthNames	
givenNames	Ursula	
foaf_names	Goodenough, Ursula	Ursula Goodenough	
birthDates	1943-03-16	
dbp_names	
aliases	


http://en.wikipedia.org/wiki/Uatu
birthPlaces	
surnames	
birthNames	
givenNames	
foaf_names	
birthDates	
dbp_names	
aliases	


http://en.wikipedia.org/wiki/Utamaro
birthPlaces	
surnames	
birthNames	Kitagawa Ichitarō	
givenNames	
foaf_names	
birthDates	1753	
dbp_names	
aliases	Kitagawa Toyoaki	


http://en.wikipedia.org/wiki/Udita_Goswami
birthPlaces	http://dbpedia.org/resource/India	http://dbpedia.org/resource/Dehradun	http://dbpedia.org/resource/Uttarakhand	
surnames	Goswami	
birthNames	
givenNames	Udita	
foaf_names	Goswami, Udita	Udita Goswami	
birthDates	1984-02-09	
dbp_names	
aliases	


http://en.wikipedia.org/wiki/Ulli_Beier
birthPlaces	
surnames	Beier	
birthNames	
givenNames	Ulli	
foaf_names	Beier, Ulli	Ulli Beier	
birthDates	1922-07-30	
dbp_names	
aliases	


http://en.wikipedia.org/wiki/Ursula_Rucker
birthPlaces	
surnames	Rucker	
birthNames	
givenNames	Ursula	
foaf_names	Ursula Rucker	Rucker, Ursula	
birthDates	
dbp_names	
aliases	


http://en.wikipedia.org/wiki/Ulf_Nilsson_(ice_hockey)
birthPlaces	http://dbpedia.org/resource/Nyn%C3%A4shamn_Municipality	http://dbpedia.org/resource/Sweden	http://dbpedia.org/resource/Nynäshamn_Municipality	
surnames	Nilsson	
birthNames	
givenNames	Ulf	
foaf_names	Ulf Nilsson	Nilsson, Ulf	
birthDates	1950-05-11	
dbp_names	
aliases	


http://en.wikipedia.org/wiki/Umberto_I_of_Italy
birthPlaces	http://dbpedia.org/resource/Kingdom_of_Sardinia	http://dbpedia.org/resource/Turin	
surnames	
birthNames	
givenNames	
foaf_names	
birthDates	1844-03-14	
dbp_names	
aliases	


http://en.wikipedia.org/wiki/U_Nu
birthPlaces	http://dbpedia.org/resource/British_rule_in_Burma	http://dbpedia.org/resource/Wakema	http://dbpedia.org/resource/Myaungmya_District	
surnames	Nu	
birthNames	
givenNames	U	
foaf_names	U Nu	Nu, U	
birthDates	1907-05-25	
dbp_names	
aliases	


http://en.wikipedia.org/wiki/Udo_Dirkschneider
birthPlaces	http://dbpedia.org/resource/Wuppertal	
surnames	Dirkschneider	
birthNames	
givenNames	Udo	
foaf_names	Udo Dirkschneider	Dirkschneider, Udo	
birthDates	1952-04-06	
dbp_names	
aliases	


http://en.wikipedia.org/wiki/Upendranath_Brahmachari
birthPlaces	http://dbpedia.org/resource/Jamalpur,_Bihar,_India	
surnames	Brahmachari	
birthNames	
givenNames	Upendranath	
foaf_names	Brahmachari, Upendranath	উপেন্দ্রনাথ ব্রহ্মচারী	Upendranath Brahmachari	
birthDates	1873-12-19	
dbp_names	
aliases	


http://en.wikipedia.org/wiki/Urmila_Matondkar
birthPlaces	http://dbpedia.org/resource/Mumbai	http://dbpedia.org/resource/Maharashtra	
surnames	Matondkar	
birthNames	
givenNames	Urmila	
foaf_names	Matondkar, Urmila	Urmila Matondkar	
birthDates	1974-02-04	
dbp_names	
aliases	


http://en.wikipedia.org/wiki/Urbie_Green
birthPlaces	http://dbpedia.org/resource/United_States	http://dbpedia.org/resource/Alabama	http://dbpedia.org/resource/Mobile,_Alabama	
surnames	Green	
birthNames	
givenNames	Urbie	Urban Clifford Green	
foaf_names	Green, Urbie	Urbie Green	
birthDates	1926-08-08	
dbp_names	
aliases	Urbie Green	


http://en.wikipedia.org/wiki/Uriah_the_Hittite
birthPlaces	
surnames	
birthNames	
givenNames	
foaf_names	
birthDates	
dbp_names	
aliases	


http://en.wikipedia.org/wiki/Urie_Bronfenbrenner
birthPlaces	http://dbpedia.org/resource/Russian_Republic	http://dbpedia.org/resource/Russia	http://dbpedia.org/resource/Moscow	
surnames	Bronfenbrenner	
birthNames	
givenNames	Urie	
foaf_names	Urie Bronfenbrenner	Bronfenbrenner, Urie	
birthDates	1917-04-29	
dbp_names	
aliases	


http://en.wikipedia.org/wiki/Ulises_Sol%C3%ADs
birthPlaces	http://dbpedia.org/resource/Mexico	http://dbpedia.org/resource/Guadalajara	
surnames	Solis	
birthNames	
givenNames	Ulises	
foaf_names	Ulises Solis	
birthDates	1981-08-28	
dbp_names	
aliases	


http://en.wikipedia.org/wiki/Umanosuke_Iida
birthPlaces	http://dbpedia.org/resource/Hokkaido	http://dbpedia.org/resource/Japan	
surnames	Iida	
birthNames	
givenNames	Umanosuke	
foaf_names	Umanosuke Iida	Iida, Umanosuke	
birthDates	1961-04-30	
dbp_names	
aliases	


http://en.wikipedia.org/wiki/Ueda_Akinari
birthPlaces	
surnames	
birthNames	
givenNames	
foaf_names	
birthDates	1734-07-25	
dbp_names	
aliases	


http://en.wikipedia.org/wiki/Ulric_Neisser
birthPlaces	http://dbpedia.org/resource/Kiel	http://dbpedia.org/resource/Germany	
surnames	Neisser	
birthNames	
givenNames	Ulric	
foaf_names	Ulric Neisser	Neisser, Ulric	
birthDates	1928-12-08	
dbp_names	
aliases	


http://en.wikipedia.org/wiki/Ub_Iwerks
birthPlaces	http://dbpedia.org/resource/United_States	http://dbpedia.org/resource/Kansas_City,_Missouri	
surnames	Iwerks	
birthNames	Ubbe Eert Iwerks	
givenNames	Ub	
foaf_names	Iwerks, Ub	Ub Iwerks	
birthDates	1901-03-24	
dbp_names	
aliases	


http://en.wikipedia.org/wiki/Ulrika_Jonsson
birthPlaces	http://dbpedia.org/resource/Sollentuna_Municipality	
surnames	Jonsson	
birthNames	Eva Ulrika Jonsson	
givenNames	Eva Ulrika	
foaf_names	Ulrika Jonsson	Eva Ulrika Jonsson	Jonsson, Eva Ulrika	
birthDates	1967-08-16	
dbp_names	
aliases	Ulrika Johnson	Jonsson, Ulrika	


http://en.wikipedia.org/wiki/Utpal_Dutt
birthPlaces	http://dbpedia.org/resource/Presidencies_and_provinces_of_British_India	http://dbpedia.org/resource/Barisal	http://dbpedia.org/resource/East_Bengal	
surnames	Dutta	
birthNames	
givenNames	Utpal	
foaf_names	Utpal Dutta	Dutta, Utpal	
birthDates	1929-03-29	
dbp_names	
aliases	


http://en.wikipedia.org/wiki/United_Federation_of_Planets
birthPlaces	
surnames	
birthNames	
givenNames	
foaf_names	
birthDates	
dbp_names	
aliases	


http://en.wikipedia.org/wiki/Unkei
birthPlaces	
surnames	
birthNames	
givenNames	
foaf_names	
birthDates	1151	
dbp_names	
aliases	


http://en.wikipedia.org/wiki/U%C4%9Fur_Mumcu
birthPlaces	http://dbpedia.org/resource/K%C4%B1r%C5%9Fehir	
surnames	Mumcu	
birthNames	
givenNames	Ugur	
foaf_names	Ugur Mumcu	
birthDates	1942-08-22	
dbp_names	
aliases	


http://en.wikipedia.org/wiki/Ursula_Strauss
birthPlaces	
surnames	Strauss	
birthNames	
givenNames	Ursula	
foaf_names	Strauss, Ursula	Ursula Strauss	
birthDates	1974-04-25	
dbp_names	
aliases	


http://en.wikipedia.org/wiki/Udo_Quellmalz
birthPlaces	
surnames	Quellmalz	
birthNames	
givenNames	Udo	
foaf_names	Udo Quellmalz	Quellmalz, Udo	
birthDates	1967-03-08	
dbp_names	
aliases	


http://en.wikipedia.org/wiki/Ursula_Plassnik
birthPlaces	http://dbpedia.org/resource/Austria	http://dbpedia.org/resource/Klagenfurt	
surnames	Plassnik	
birthNames	
givenNames	Ursula	
foaf_names	Plassnik, Ursula	Ursula Plassnik	
birthDates	1956-05-23	
dbp_names	
aliases	


http://en.wikipedia.org/wiki/Umayalpuram_K._Sivaraman
birthPlaces	http://dbpedia.org/resource/Madras_Presidency	http://dbpedia.org/resource/Thanjavur	http://dbpedia.org/resource/Presidencies_and_provinces_of_British_India	http://dbpedia.org/resource/Umayalpuram	
surnames	Sivaraman	
birthNames	
givenNames	Umayalpuram K	
foaf_names	Sivaraman, Umayalpuram K	Umayalpuram K Sivaraman	Umayalpuram K. Sivaraman	
birthDates	1935-12-17	
dbp_names	
aliases	


http://en.wikipedia.org/wiki/Upinder_Singh
birthPlaces	
surnames	Singh	
birthNames	
givenNames	Upinder	
foaf_names	Singh, Upinder	Upinder Singh	
birthDates	
dbp_names	
aliases	


http://en.wikipedia.org/wiki/Uzi_Arad
birthPlaces	
surnames	Arad	
birthNames	
givenNames	Uzi	
foaf_names	Arad, Uzi	Uzi Arad	
birthDates	
dbp_names	
aliases	


http://en.wikipedia.org/wiki/Ulrich_Stockmann
birthPlaces	
surnames	Stockmann	
birthNames	
givenNames	Ulrich	
foaf_names	Ulrich Stockmann	Stockmann, Ulrich	
birthDates	1951-01-01	
dbp_names	
aliases	


http://en.wikipedia.org/wiki/United_States_Colored_Troops
birthPlaces	
surnames	
birthNames	
givenNames	
foaf_names	
birthDates	
dbp_names	
aliases	


http://en.wikipedia.org/wiki/Uwe_Schmidt
birthPlaces	http://dbpedia.org/resource/Frankfurt	
surnames	Schmidt	
birthNames	
givenNames	Uwe	Uwe H. Schmidt	
foaf_names	Uwe Schmidt	Schmidt, Uwe	
birthDates	1968-08-27	
dbp_names	
aliases	


http://en.wikipedia.org/wiki/Unity_Mitford
birthPlaces	http://dbpedia.org/resource/United_Kingdom_of_Great_Britain_and_Ireland	
surnames	Mitford	
birthNames	Unity Valkyrie Mitford	
givenNames	Unity	
foaf_names	Mitford, Unity	Unity Mitford	
birthDates	1914-08-08	
dbp_names	
aliases	Mitford, Unity Valkyrie	


http://en.wikipedia.org/wiki/Urthboy
birthPlaces	
surnames	
birthNames	
givenNames	
foaf_names	
birthDates	
dbp_names	
aliases	Tim Levinson	Urthboy	


http://en.wikipedia.org/wiki/Ulrich_Duchrow
birthPlaces	
surnames	Duchrow	
birthNames	
givenNames	Ulrich	
foaf_names	Duchrow, Ulrich	Ulrich Duchrow	
birthDates	1935-06-13	
dbp_names	
aliases	


http://en.wikipedia.org/wiki/Usama_Alshaibi
birthPlaces	http://dbpedia.org/resource/Baghdad	
surnames	Alshaibi	
birthNames	
givenNames	Usama	
foaf_names	Usama Alshaibi	Alshaibi, Usama	
birthDates	1969-11-20	
dbp_names	
aliases	


http://en.wikipedia.org/wiki/Usha_Mangeshkar
birthPlaces	http://dbpedia.org/resource/Mumbai	http://dbpedia.org/resource/India	http://dbpedia.org/resource/Maharashtra	
surnames	Mangeshkar	
birthNames	
givenNames	Usha	
foaf_names	Mangeshkar, Usha	Usha Mangeshkar	
birthDates	1935	
dbp_names	
aliases	


http://en.wikipedia.org/wiki/Uwe_Siemon-Netto
birthPlaces	
surnames	Siemon-Netto	
birthNames	
givenNames	Uwe	
foaf_names	Uwe Siemon-Netto	Siemon-Netto, Uwe	
birthDates	1936-10-25	
dbp_names	
aliases	


http://en.wikipedia.org/wiki/Ugo_Cerletti
birthPlaces	
surnames	Cerletti	
birthNames	
givenNames	Ugo	
foaf_names	Ugo Cerletti	Cerletti, Ugo	
birthDates	1877-09-26	
dbp_names	
aliases	


http://en.wikipedia.org/wiki/Uzziah
birthPlaces	
surnames	
birthNames	
givenNames	
foaf_names	
birthDates	
dbp_names	
aliases	


http://en.wikipedia.org/wiki/Umar_Gul
birthPlaces	http://dbpedia.org/resource/Peshawar	http://dbpedia.org/resource/Pakistan	
surnames	Gul	
birthNames	
givenNames	Umar	
foaf_names	Gul, Umar	Umar Gul	
birthDates	1984-04-14	
dbp_names	
aliases	


http://en.wikipedia.org/wiki/U_Saw
birthPlaces	
surnames	
birthNames	
givenNames	
foaf_names	
birthDates	
dbp_names	
aliases	


http://en.wikipedia.org/wiki/Uhm_Tae-woong
birthPlaces	http://dbpedia.org/resource/South_Korea	http://dbpedia.org/resource/Jecheon	http://dbpedia.org/resource/North_Chungcheong_Province	
surnames	Uhm	
birthNames	
givenNames	Tae-woong	
foaf_names	Uhm Tae-woong	Uhm, Tae-woong	Tae-woong Uhm	
birthDates	1974-04-05	
dbp_names	
aliases	


http://en.wikipedia.org/wiki/Ulpian
birthPlaces	
surnames	
birthNames	
givenNames	
foaf_names	
birthDates	0170	
dbp_names	
aliases	Gnaeus Domitius Annius Ulpianus	


http://en.wikipedia.org/wiki/Ua_(singer)
birthPlaces	
surnames	
birthNames	
givenNames	
foaf_names	
birthDates	1972-03-11	
dbp_names	
aliases	Uua	


http://en.wikipedia.org/wiki/Ursula_Konzett
birthPlaces	
surnames	Konzett	
birthNames	
givenNames	Ursula	
foaf_names	Konzett, Ursula	Ursula Konzett	
birthDates	1959-11-16	
dbp_names	
aliases	


http://en.wikipedia.org/wiki/Uncle_Ruckus
birthPlaces	
surnames	
birthNames	
givenNames	
foaf_names	
birthDates	
dbp_names	
aliases	


http://en.wikipedia.org/wiki/Umberto_Lenzi
birthPlaces	http://dbpedia.org/resource/Massa_Marittima	http://dbpedia.org/resource/Italy	
surnames	Lenzi	
birthNames	
givenNames	Umberto	
foaf_names	Umberto Lenzi	Lenzi, Umberto	
birthDates	1931-08-06	
dbp_names	
aliases	


http://en.wikipedia.org/wiki/Ursula_Moray_Williams
birthPlaces	
surnames	Williams	
birthNames	
givenNames	Ursula Moray	
foaf_names	Williams, Ursula Moray	Ursula Moray Williams	
birthDates	1911-04-19	
dbp_names	
aliases	


http://en.wikipedia.org/wiki/Ursula_(The_Little_Mermaid)
birthPlaces	
surnames	
birthNames	
givenNames	
foaf_names	
birthDates	
dbp_names	
aliases	Sea Witch	Goddess of the Sea	Vanessa, The Sea-Witch	


http://en.wikipedia.org/wiki/Uschi_Glas
birthPlaces	http://dbpedia.org/resource/Bavaria	http://dbpedia.org/resource/Landau_an_der_Isar	
surnames	Glas	
birthNames	Helga Ursula Glas	
givenNames	Uschi	
foaf_names	Uschi Glas	Glas, Uschi	
birthDates	1944-03-02	
dbp_names	
aliases	Glas, Helga Ursula	


http://en.wikipedia.org/wiki/Ulf_Andersson
birthPlaces	http://dbpedia.org/resource/Sweden	http://dbpedia.org/resource/V%C3%A4ster%C3%A5s	http://dbpedia.org/resource/Västerås	
surnames	Andersson	
birthNames	
givenNames	Ulf	
foaf_names	Andersson, Ulf	Ulf Andersson	
birthDates	1951-06-27	
dbp_names	
aliases	


http://en.wikipedia.org/wiki/Urano_Teixeira_da_Matta_Bacellar
birthPlaces	
surnames	Teixeira da Matta Bacellar	
birthNames	
givenNames	Urano	
foaf_names	Teixeira da Matta Bacellar, Urano	Urano Teixeira da Matta Bacellar	
birthDates	1947	
dbp_names	
aliases	


http://en.wikipedia.org/wiki/Udhayan
birthPlaces	
surnames	
birthNames	
givenNames	
foaf_names	
birthDates	1968	
dbp_names	
aliases	S.P.Ramdoss	


http://en.wikipedia.org/wiki/Umberto_Giordano
birthPlaces	http://dbpedia.org/resource/Apulia	http://dbpedia.org/resource/Foggia	http://dbpedia.org/resource/Italy	
surnames	Giordano	
birthNames	
givenNames	Umberto	
foaf_names	Umberto Giordano	Giordano, Umberto	
birthDates	1867-08-28	
dbp_names	
aliases	


http://en.wikipedia.org/wiki/Uri_Alon
birthPlaces	
surnames	Alon	
birthNames	
givenNames	Uri	
foaf_names	Uri Alon	Alon, Uri	
birthDates	1969	
dbp_names	
aliases	


http://en.wikipedia.org/wiki/Uncle_Leo
birthPlaces	
surnames	
birthNames	
givenNames	
foaf_names	
birthDates	
dbp_names	
aliases	


http://en.wikipedia.org/wiki/Uriel_Sebree
birthPlaces	http://dbpedia.org/resource/Fayette,_Missouri	
surnames	Sebree	
birthNames	
givenNames	Uriel	
foaf_names	Uriel Sebree	Sebree, Uriel	
birthDates	0020	
dbp_names	
aliases	


http://en.wikipedia.org/wiki/Ugayafukiaezu
birthPlaces	
surnames	
birthNames	
givenNames	
foaf_names	
birthDates	
dbp_names	
aliases	


http://en.wikipedia.org/wiki/Udo_Weilacher
birthPlaces	
surnames	Weilacher	
birthNames	
givenNames	Udo	
foaf_names	Weilacher, Udo	Udo Weilacher	
birthDates	1963	
dbp_names	
aliases	


http://en.wikipedia.org/wiki/Urbain_Grandier
birthPlaces	
surnames	Grandier	
birthNames	
givenNames	Urbain	
foaf_names	Urbain Grandier	Grandier, Urbain	
birthDates	1590	
dbp_names	
aliases	


http://en.wikipedia.org/wiki/Umberto_Agnelli
birthPlaces	http://dbpedia.org/resource/Switzerland	http://dbpedia.org/resource/Lausanne	http://dbpedia.org/resource/Turin	http://dbpedia.org/resource/Italy	
surnames	Agnelli	
birthNames	
givenNames	Umberto	
foaf_names	Umberto Agnelli	Agnelli, Umberto	
birthDates	1934-11-01	
dbp_names	
aliases	


http://en.wikipedia.org/wiki/Umar_Din
birthPlaces	
surnames	
birthNames	
givenNames	
foaf_names	
birthDates	
dbp_names	
aliases	


http://en.wikipedia.org/wiki/Uri_Rosenthal
birthPlaces	http://dbpedia.org/resource/Switzerland	http://dbpedia.org/resource/Montreux	
surnames	Rosenthal	
birthNames	Uriël Rosenthal	
givenNames	Uri	
foaf_names	Rosenthal, Uri	Uri Rosenthal	
birthDates	1945-07-19	
dbp_names	
aliases	Rosenthal, Uriël	


http://en.wikipedia.org/wiki/Unax_Ugalde
birthPlaces	http://dbpedia.org/resource/Vitoria-Gasteiz	http://dbpedia.org/resource/Basque_Country_(autonomous_community)	http://dbpedia.org/resource/Spain	
surnames	Ugalde	
birthNames	Unax Ugalde Gutiérrez	
givenNames	Unax	
foaf_names	Unax Ugalde	Ugalde, Unax	
birthDates	1978-11-27	
dbp_names	
aliases	


http://en.wikipedia.org/wiki/Uwe_Boll
birthPlaces	http://dbpedia.org/resource/Wermelskirchen	http://dbpedia.org/resource/North_Rhine-Westphalia	http://dbpedia.org/resource/West_Germany	
surnames	Boll	
birthNames	
givenNames	Uwe	
foaf_names	Boll, Uwe	Uwe Boll	
birthDates	1965-06-22	
dbp_names	
aliases	


http://en.wikipedia.org/wiki/Uwe_Kr%C3%B6ger
birthPlaces	
surnames	Kroger	
birthNames	
givenNames	Uwe	
foaf_names	Uwe Kroger	
birthDates	1964-12-04	
dbp_names	
aliases	


http://en.wikipedia.org/wiki/Uro%C5%A1_Nikoli%C4%87_(footballer_born_1993)
birthPlaces	http://dbpedia.org/resource/Ni%C5%A1	http://dbpedia.org/resource/Serbia	
surnames	Nikolic	
birthNames	
givenNames	Uros	
foaf_names	Uros Nikolic	
birthDates	1983-12-14	
dbp_names	
aliases	


http://en.wikipedia.org/wiki/Umida_Akhmedova
birthPlaces	http://dbpedia.org/resource/Parkent	http://dbpedia.org/resource/Uzbekistan	
surnames	Akhmedova	
birthNames	
givenNames	Umida	
foaf_names	Akhmedova, Umida	Umida Akhmedova	
birthDates	1955-10-21	
dbp_names	
aliases	Ahmedova, Umida	


http://en.wikipedia.org/wiki/Umberto_Saba
birthPlaces	http://dbpedia.org/resource/Austria-Hungary	http://dbpedia.org/resource/Trieste	
surnames	Saba	
birthNames	Umberto Poli	
givenNames	Umberto	
foaf_names	Saba, Umberto	Umberto Saba	
birthDates	1883-03-09	
dbp_names	
aliases	Poli, Umberto (birth name)	


http://en.wikipedia.org/wiki/Uschi_Digard
birthPlaces	http://dbpedia.org/resource/Saltsjö-Duvnäs	http://dbpedia.org/resource/Saltsj%C3%B6-Duvn%C3%A4s	
surnames	Digard	
birthNames	
givenNames	Uschi	
foaf_names	Uschi Digard	Digard, Uschi	
birthDates	1948-08-15	
dbp_names	
aliases	


http://en.wikipedia.org/wiki/Uta_Hagen
birthPlaces	http://dbpedia.org/resource/Germany	http://dbpedia.org/resource/Göttingen	http://dbpedia.org/resource/G%C3%B6ttingen	
surnames	Hagen	
birthNames	Uta Thyra Hagen	
givenNames	Uta	
foaf_names	Uta Hagen	Hagen, Uta	
birthDates	1919-06-12	
dbp_names	
aliases	


http://en.wikipedia.org/wiki/Ubayd_Zakani
birthPlaces	
surnames	Zakani	
birthNames	
givenNames	Ubayd	
foaf_names	Zakani, Ubayd	Ubayd Zakani	
birthDates	
dbp_names	
aliases	


http://en.wikipedia.org/wiki/Uriah_Smith_Stephens
birthPlaces	
surnames	Stephens	
birthNames	
givenNames	Uriah Smith	
foaf_names	Uriah Smith Stephens	Stephens, Uriah Smith	
birthDates	1821-08-03	
dbp_names	
aliases	


http://en.wikipedia.org/wiki/Ulisse_Stacchini
birthPlaces	
surnames	Stacchini	
birthNames	
givenNames	Ulisse	
foaf_names	Stacchini, Ulisse	Ulisse Stacchini	
birthDates	1871-07-03	
dbp_names	
aliases	


http://en.wikipedia.org/wiki/Ugo_Foscolo
birthPlaces	http://dbpedia.org/resource/Republic_of_Venice	http://dbpedia.org/resource/Ionian_Islands_under_Venetian_rule	http://dbpedia.org/resource/Greece	http://dbpedia.org/resource/Zakynthos	
surnames	Foscolo	
birthNames	
givenNames	Ugo	
foaf_names	Ugo Foscolo	Niccolò Ugo Foscolo	Foscolo, Ugo	
birthDates	1778-02-06	
dbp_names	
aliases	


http://en.wikipedia.org/wiki/Unk
birthPlaces	
surnames	
birthNames	
givenNames	
foaf_names	
birthDates	1982-11-28	1982-12-28	
dbp_names	
aliases	Unk	


http://en.wikipedia.org/wiki/Uttam_Kumar
birthPlaces	http://dbpedia.org/resource/West_Bengal	http://dbpedia.org/resource/Bengal_Presidency	http://dbpedia.org/resource/Kolkata	http://dbpedia.org/resource/Presidencies_and_provinces_of_British_India	
surnames	Kumar	
birthNames	Arun Kumar Chatterjee	
givenNames	Uttam	
foaf_names	Uttam Kumar	Kumar, Uttam	
birthDates	1926-09-03	
dbp_names	
aliases	


http://en.wikipedia.org/wiki/Urho_Kekkonen
birthPlaces	http://dbpedia.org/resource/Russian_Empire	http://dbpedia.org/resource/Pielavesi	http://dbpedia.org/resource/Finland	http://dbpedia.org/resource/Grand_Duchy_of_Finland	
surnames	Kekkonen	
birthNames	
givenNames	Urho	
foaf_names	Kekkonen, Urho	Urho Kekkonen	
birthDates	1900-09-03	
dbp_names	
aliases	Kekkonen, Urho Kaleva	


http://en.wikipedia.org/wiki/Ulrich_von_Wilamowitz-Moellendorff
birthPlaces	http://dbpedia.org/resource/Province_of_Posen	http://dbpedia.org/resource/Markowice,_Kuyavian-Pomeranian_Voivodeship	
surnames	Wilamowitz-Moellendorff	
birthNames	
givenNames	Ulrich Von	
foaf_names	Wilamowitz-Moellendorff, Ulrich Von	Ulrich Von Wilamowitz-Moellendorff	Ulrich von Wilamowitz-Moellendorff	
birthDates	1848-12-22	
dbp_names	
aliases	


http://en.wikipedia.org/wiki/Ujjwal_Nikam
birthPlaces	http://dbpedia.org/resource/Jalgaon	
surnames	Nikam	
birthNames	
givenNames	Ujjwal	
foaf_names	Nikam, Ujjwal	Ujjwal Nikam	
birthDates	1953-03-30	
dbp_names	
aliases	


http://en.wikipedia.org/wiki/Uri_Shulevitz
birthPlaces	http://dbpedia.org/resource/Second_Polish_Republic	http://dbpedia.org/resource/Warsaw	
surnames	Shulevitz	
birthNames	
givenNames	Uri	
foaf_names	Uri Shulevitz	Shulevitz, Uri	
birthDates	1935-02-27	
dbp_names	
aliases	Shulevits, Uri	


http://en.wikipedia.org/wiki/Ursula_Graham_Bower
birthPlaces	
surnames	Bower	
birthNames	
givenNames	Ursula Graham	
foaf_names	Ursula Graham Bower	Ursula G. Bower	Bower, Ursula Graham	
birthDates	1914-05-15	
dbp_names	
aliases	


http://en.wikipedia.org/wiki/Ulrich_Beck
birthPlaces	http://dbpedia.org/resource/Nazi_Germany	http://dbpedia.org/resource/Słupsk	http://dbpedia.org/resource/S%C5%82upsk	http://dbpedia.org/resource/Poland	
surnames	Beck	
birthNames	
givenNames	Ulrich	
foaf_names	Beck, Ulrich	Ulrich Beck	
birthDates	1944-05-15	
dbp_names	
aliases	


http://en.wikipedia.org/wiki/Udhayanidhi_Stalin
birthPlaces	http://dbpedia.org/resource/Chennai	
surnames	Stalin	
birthNames	Udhayanidhi Stalin	
givenNames	Udhayanidhi	
foaf_names	Udhayanidhi Stalin	Stalin, Udhayanidhi	
birthDates	1977-11-27	
dbp_names	
aliases	Udhaya	


http://en.wikipedia.org/wiki/Udo_B%C3%B6lts
birthPlaces	http://dbpedia.org/resource/Rodalben	
surnames	Bolts	
birthNames	
givenNames	Udo	
foaf_names	Udo Bolts	
birthDates	1966-08-10	
dbp_names	
aliases	


http://en.wikipedia.org/wiki/Uwe_Eickert
birthPlaces	
surnames	Eickert	
birthNames	
givenNames	Uwe	
foaf_names	Eickert, Uwe	Uwe Eickert	
birthDates	1963-06-29	
dbp_names	
aliases	


http://en.wikipedia.org/wiki/Upen_Patel
birthPlaces	http://dbpedia.org/resource/United_Kingdom	http://dbpedia.org/resource/London	http://dbpedia.org/resource/England	
surnames	Patel	
birthNames	
givenNames	Upen	
foaf_names	Patel, Upen	Upen Patel	
birthDates	1980-08-16	
dbp_names	
aliases	


http://en.wikipedia.org/wiki/Uzodinma_Iweala
birthPlaces	
surnames	Iweala	
birthNames	
givenNames	Uzodinma	
foaf_names	Iweala, Uzodinma	Uzodinma Iweala	
birthDates	1982-11-05	
dbp_names	
aliases	


http://en.wikipedia.org/wiki/Ubolratana_Rajakanya
birthPlaces	http://dbpedia.org/resource/Switzerland	http://dbpedia.org/resource/Lausanne	
surnames	
birthNames	
givenNames	
foaf_names	
birthDates	1951-04-05	
dbp_names	
aliases	


http://en.wikipedia.org/wiki/Uli_Herzner
birthPlaces	
surnames	Herzner	
birthNames	
givenNames	Ulrike	
foaf_names	Herzner, Ulrike	Ulrike Herzner	Uli Herzner	
birthDates	1971-04-23	
dbp_names	
aliases	


http://en.wikipedia.org/wiki/Ultra_Nat%C3%A9
birthPlaces	http://dbpedia.org/resource/United_States	http://dbpedia.org/resource/Havre_de_Grace,_Maryland	http://dbpedia.org/resource/Maryland	
surnames	Nate	
birthNames	
givenNames	Ultra	
foaf_names	Ultra Nate	
birthDates	1968-03-20	
dbp_names	
aliases	


http://en.wikipedia.org/wiki/Ulf_von_Euler
birthPlaces	http://dbpedia.org/resource/Stockholm	
surnames	Euler	
birthNames	
givenNames	Ulf Svante von	
foaf_names	Ulf von Euler	Ulf Svante von Euler	Euler, Ulf Svante von	
birthDates	1905-02-07	
dbp_names	
aliases	


http://en.wikipedia.org/wiki/Uthradom_Thirunal_Marthanda_Varma
birthPlaces	http://dbpedia.org/resource/Thiruvananthapuram	http://dbpedia.org/resource/Travancore	
surnames	Varma	
birthNames	
givenNames	Uthradom Thirunal Marthanda	
foaf_names	Sree Padmanabhadasa Vanchipala Marthanda Varma, Kulasekhara Kiritapathi Manney Sultan Maharaja Raja Ramaraja Bahadur, Shamsher Jang, Titular Maharajah of Travancore	Varma, Uthradom Thirunal Marthanda	Uthradom Thirunal Marthanda Varma	
birthDates	1922-03-22	
dbp_names	
aliases	


http://en.wikipedia.org/wiki/Ulf_Samuelsson
birthPlaces	http://dbpedia.org/resource/Fagersta	http://dbpedia.org/resource/Sweden	
surnames	Samuelsson	
birthNames	
givenNames	Ulf	
foaf_names	Samuelsson, Ulf	Ulf Samuelsson	
birthDates	1964-03-26	
dbp_names	
aliases	


http://en.wikipedia.org/wiki/Ulrich_Plenzdorf
birthPlaces	
surnames	Plenzdorf	
birthNames	
givenNames	Ulrich	
foaf_names	Ulrich Plenzdorf	Plenzdorf, Ulrich	
birthDates	1934-10-26	
dbp_names	
aliases	


http://en.wikipedia.org/wiki/Uhm_Ji-won
birthPlaces	http://dbpedia.org/resource/South_Korea	http://dbpedia.org/resource/Daegu	
surnames	Uhm	
birthNames	
givenNames	Ji-won	
foaf_names	Uhm, Ji-won	Ji-won Uhm	Uhm Ji-won	
birthDates	1977-12-25	
dbp_names	
aliases	Um Ji-won	Um, Ji-won (alternate spelling); Eom, Ji-won (alternate spelling); 엄지원 (hangul)	Um Jee-won	


http://en.wikipedia.org/wiki/Unni_Mukundan
birthPlaces	http://dbpedia.org/resource/India	http://dbpedia.org/resource/Kerala	http://dbpedia.org/resource/Thrissur	
surnames	Mukundan	
birthNames	
givenNames	Unni	
foaf_names	Mukundan, Unni	Unni Mukundan	
birthDates	1987-09-22	
dbp_names	
aliases	Unni	


http://en.wikipedia.org/wiki/Udonis_Haslem
birthPlaces	http://dbpedia.org/resource/Miami_High_School	http://dbpedia.org/resource/Miami	http://dbpedia.org/resource/Florida_Gators_men's_basketball	
surnames	Haslem	
birthNames	
givenNames	Udonis	
foaf_names	Haslem, Udonis	Udonis Haslem	
birthDates	1980-06-09	
dbp_names	
aliases	Haslem, Udonis Johneal; Haslem, Undonis J.	


http://en.wikipedia.org/wiki/Union_Jack_(comics)
birthPlaces	
surnames	
birthNames	
givenNames	
foaf_names	
birthDates	
dbp_names	
aliases	


http://en.wikipedia.org/wiki/Universo_2000
birthPlaces	http://dbpedia.org/resource/Mexico	http://dbpedia.org/resource/Jalisco	
surnames	
birthNames	
givenNames	
foaf_names	
birthDates	1963-04-18	
dbp_names	
aliases	


http://en.wikipedia.org/wiki/Umar_II
birthPlaces	http://dbpedia.org/resource/Saudi_Arabia	http://dbpedia.org/resource/Egypt	http://dbpedia.org/resource/Medina	
surnames	
birthNames	
givenNames	
foaf_names	
birthDates	0682	0682-11-02	
dbp_names	
aliases	


http://en.wikipedia.org/wiki/Uffie
birthPlaces	http://dbpedia.org/resource/Miami	http://dbpedia.org/resource/Florida	
surnames	
birthNames	
givenNames	
foaf_names	
birthDates	1987-12-09	
dbp_names	
aliases	Hartley, Anna-Catherine	


http://en.wikipedia.org/wiki/Uday_Shankar
birthPlaces	http://dbpedia.org/resource/Udaipur	
surnames	Shankar	
birthNames	
givenNames	Uday	
foaf_names	Uday Shankar	Shankar, Uday	
birthDates	1900-12-08	
dbp_names	
aliases	


http://en.wikipedia.org/wiki/Uli_Hoene%C3%9F
birthPlaces	http://dbpedia.org/resource/West_Germany	http://dbpedia.org/resource/Ulm	
surnames	Hoeneß	
birthNames	
givenNames	Uli	
foaf_names	Uli Hoeneß	
birthDates	1952-01-05	
dbp_names	
aliases	


http://en.wikipedia.org/wiki/Uhm_Jung-hwa
birthPlaces	http://dbpedia.org/resource/Jecheon	http://dbpedia.org/resource/South_Korea	http://dbpedia.org/resource/North_Chungcheong_Province	
surnames	Uhm	
birthNames	
givenNames	Jung-hwa	
foaf_names	Uhm, Jung-hwa	Uhm Jung-hwa	Jung-hwa Uhm	
birthDates	1969-08-17	
dbp_names	
aliases	


http://en.wikipedia.org/wiki/Ubaidullah_Sindhi
birthPlaces	
surnames	Sindhi	
birthNames	
givenNames	Ubaidullah	
foaf_names	Sindhi, Ubaidullah	Ubaidullah Sindhi	
birthDates	1872-03-10	
dbp_names	
aliases	


http://en.wikipedia.org/wiki/Ulhas_Kashalkar
birthPlaces	
surnames	Kashalkar	
birthNames	
givenNames	Ulhas	
foaf_names	Ulhas Kashalkar	Kashalkar, Ulhas	Pandit Ulhas N. Kashalkar	
birthDates	1955-01-14	
dbp_names	
aliases	


http://en.wikipedia.org/wiki/Uffe_Ellemann-Jensen
birthPlaces	http://dbpedia.org/resource/Haarby	
surnames	Ellemann-Jensen	
birthNames	
givenNames	Uffe	
foaf_names	Uffe Ellemann-Jensen	Ellemann-Jensen, Uffe	
birthDates	1941-11-01	
dbp_names	
aliases	


http://en.wikipedia.org/wiki/Uzi_Mahnaimi
birthPlaces	
surnames	Mahnaimi	
birthNames	
givenNames	Uzi	
foaf_names	Mahnaimi, Uzi	Uzi Mahnaimi	
birthDates	1952	
dbp_names	
aliases	


http://en.wikipedia.org/wiki/Umberto_II_of_Italy
birthPlaces	http://dbpedia.org/resource/Kingdom_of_Italy	http://dbpedia.org/resource/Racconigi	http://dbpedia.org/resource/Province_of_Cuneo	
surnames	
birthNames	
givenNames	
foaf_names	
birthDates	1904-09-15	
dbp_names	
aliases	Umberto Nicola Tommaso Giovanni Maria di Savoia	


http://en.wikipedia.org/wiki/Umar_Akmal
birthPlaces	http://dbpedia.org/resource/Lahore	http://dbpedia.org/resource/Punjab,_Pakistan	http://dbpedia.org/resource/Pakistan	
surnames	Akmal	
birthNames	
givenNames	Umar	
foaf_names	Akmal, Umar	Umar Akmal	
birthDates	1990-05-26	
dbp_names	
aliases	


http://en.wikipedia.org/wiki/U-God
birthPlaces	
surnames	
birthNames	
givenNames	
foaf_names	
birthDates	1970-10-11	1970-11-10	
dbp_names	
aliases	Hawkins, Lamont Jody	


http://en.wikipedia.org/wiki/Uwe_Kils
birthPlaces	
surnames	Kils	
birthNames	
givenNames	Uwe	
foaf_names	Uwe Kils	Kils, Uwe	
birthDates	1951	
dbp_names	
aliases	


http://en.wikipedia.org/wiki/Upendranath_Brahma
birthPlaces	
surnames	Brahma	
birthNames	
givenNames	Upendranath	
foaf_names	Upendranath Brahma	Brahma, Upendranath	
birthDates	1956-03-31	
dbp_names	
aliases	


http://en.wikipedia.org/wiki/Ui_Miyazaki
birthPlaces	
surnames	Miyazaki	
birthNames	
givenNames	Ui	
foaf_names	Miyazaki, Ui	Ui Miyazaki	
birthDates	1981	
dbp_names	
aliases	


http://en.wikipedia.org/wiki/Unai_Emery
birthPlaces	http://dbpedia.org/resource/Spain	http://dbpedia.org/resource/Hondarribia	
surnames	Emery	
birthNames	
givenNames	Unai	
foaf_names	Unai Emery Etxegoien	Emery, Unai	Unai Emery	
birthDates	1971-11-03	
dbp_names	
aliases	


http://en.wikipedia.org/wiki/Ugetsu_Hakua
birthPlaces	
surnames	Hakua	
birthNames	
givenNames	Ugetsu	
foaf_names	Hakua, Ugetsu	Ugetsu Hakua	
birthDates	1970	
dbp_names	
aliases	


http://en.wikipedia.org/wiki/Ulrich_Wickert
birthPlaces	
surnames	Wickert	
birthNames	
givenNames	Ulrich	
foaf_names	Ulrich Wickert	Wickert, Ulrich	
birthDates	1942-12-02	
dbp_names	
aliases	


http://en.wikipedia.org/wiki/United_States_Senate_career_of_Hillary_Rodham_Clinton
birthPlaces	
surnames	
birthNames	
givenNames	
foaf_names	
birthDates	
dbp_names	
aliases	


http://en.wikipedia.org/wiki/Uriah_P._Levy
birthPlaces	http://dbpedia.org/resource/Philadelphia	http://dbpedia.org/resource/Pennsylvania	
surnames	Levy	
birthNames	
givenNames	Uriah	
foaf_names	Levy, Uriah	Uriah Levy	
birthDates	1792-04-22	
dbp_names	
aliases	


http://en.wikipedia.org/wiki/Uncle_Kracker
birthPlaces	http://dbpedia.org/resource/United_States	http://dbpedia.org/resource/Mount_Clemens,_Michigan	
surnames	
birthNames	
givenNames	
foaf_names	
birthDates	1974-06-06	
dbp_names	
aliases	


http://en.wikipedia.org/wiki/Ursula_Nordstrom
birthPlaces	http://dbpedia.org/resource/Manhattan	
surnames	Nordstrom	
birthNames	
givenNames	Ursula	
foaf_names	Nordstrom, Ursula	Ursula Nordstrom	
birthDates	1910-02-02	
dbp_names	
aliases	Nordstrom, Marie Margaret (birth name)	


http://en.wikipedia.org/wiki/Ulf_Herman
birthPlaces	http://dbpedia.org/resource/Hildesheim	http://dbpedia.org/resource/Hanover	
surnames	Herman	
birthNames	
givenNames	Ulf	
foaf_names	Ulf Ranger	Ulf Nadrowski	Herman the German	Ulf Herman	Herman, Ulf	
birthDates	1966-04-04	
dbp_names	
aliases	


http://en.wikipedia.org/wiki/Upasni_Maharaj
birthPlaces	http://dbpedia.org/resource/Satana,_India	http://dbpedia.org/resource/India	
surnames	
birthNames	
givenNames	
foaf_names	
birthDates	1870-05-15	
dbp_names	
aliases	


http://en.wikipedia.org/wiki/Ungku_Abdul_Aziz
birthPlaces	http://dbpedia.org/resource/United_Kingdom	http://dbpedia.org/resource/London	http://dbpedia.org/resource/England	
surnames	Abdul Aziz	
birthNames	Ungku Abdul Aziz bin Ungku Abdul Hamid	
givenNames	Ungku	
foaf_names	Abdul Aziz, Ungku	Ungku Abdul Aziz	
birthDates	1922-01-28	
dbp_names	
aliases	


http://en.wikipedia.org/wiki/Ustym_Karmaliuk
birthPlaces	
surnames	Karmeliuk	
birthNames	
givenNames	Ustym	
foaf_names	Ustym Karmeliuk	Karmeliuk, Ustym	
birthDates	1787-03-10	
dbp_names	
aliases	


http://en.wikipedia.org/wiki/Urara_Takano
birthPlaces	
surnames	
birthNames	
givenNames	
foaf_names	
birthDates	1961	
dbp_names	
aliases	


http://en.wikipedia.org/wiki/Ugo_Tognazzi
birthPlaces	http://dbpedia.org/resource/Kingdom_of_Italy	http://dbpedia.org/resource/Cremona	http://dbpedia.org/resource/Lombardy	http://dbpedia.org/resource/Italy	
surnames	Tognazzi	
birthNames	Ottavio Ugo Tognazzi	
givenNames	Ugo	
foaf_names	Ugo Tognazzi	Tognazzi, Ugo	
birthDates	1922-03-23	
dbp_names	
aliases	Tognazzi, Ottavio	


http://en.wikipedia.org/wiki/Unicorn_Kid
birthPlaces	http://dbpedia.org/resource/Edinburgh	
surnames	Sabin	
birthNames	
givenNames	Oliver Sabin	Oliver	
foaf_names	Unicorn Kid	Oliver Sabin	Sabin, Oliver	
birthDates	1991-11-05	
dbp_names	
aliases	Unicorn Kid	


http://en.wikipedia.org/wiki/Umaru_Mutallab
birthPlaces	http://dbpedia.org/resource/Katsina	
surnames	Mutallab	
birthNames	
givenNames	Umaru	
foaf_names	Mutallab, Umaru	Umaru Abdul Mutallab	Umaru Mutallab	
birthDates	1939-12-15	
dbp_names	
aliases	


http://en.wikipedia.org/wiki/Ulrike_Maier
birthPlaces	http://dbpedia.org/resource/Salzburg_(state)	http://dbpedia.org/resource/Austria	http://dbpedia.org/resource/Rauris	
surnames	Maier	
birthNames	
givenNames	Ulrike	
foaf_names	Ulrike Maier	Maier, Ulrike	
birthDates	1967-10-22	
dbp_names	
aliases	


http://en.wikipedia.org/wiki/Unknown_Scout
birthPlaces	
surnames	Scout	
birthNames	
givenNames	Unknown	
foaf_names	Unknown Scout	Scout, Unknown	
birthDates	
dbp_names	
aliases	


http://en.wikipedia.org/wiki/Ulrich_Inderbinen
birthPlaces	http://dbpedia.org/resource/Zermatt	
surnames	Inderbinen	
birthNames	
givenNames	Ulrich	
foaf_names	Ulrich Inderbinen	Inderbinen, Ulrich	
birthDates	1900-12-03	
dbp_names	
aliases	


http://en.wikipedia.org/wiki/Usamaru_Furuya
birthPlaces	http://dbpedia.org/resource/Tokyo	http://dbpedia.org/resource/Japan	
surnames	Furuya	
birthNames	Furuya Usamaru	
givenNames	Usamaru	
foaf_names	Usamaru Furuya	Furuya, Usamaru	
birthDates	1968	1968-01-25	
dbp_names	
aliases	


http://en.wikipedia.org/wiki/Ulrich_Salchow
birthPlaces	http://dbpedia.org/resource/Denmark	http://dbpedia.org/resource/Copenhagen	
surnames	Salchow	
birthNames	
givenNames	Ulrich	
foaf_names	Ulrich Salchow	Salchow, Ulrich	
birthDates	1877-08-07	
dbp_names	
aliases	Salchow, Karl Emil Julius Ulrich	


http://en.wikipedia.org/wiki/Utagawa_Yoshiiku
birthPlaces	
surnames	
birthNames	
givenNames	
foaf_names	
birthDates	1833	
dbp_names	
aliases	


http://en.wikipedia.org/wiki/Ulfilas
birthPlaces	
surnames	
birthNames	
givenNames	
foaf_names	
birthDates	0310	
dbp_names	
aliases	Wulfila	


http://en.wikipedia.org/wiki/United_States_Congress_Joint_Committee_on_Printing
birthPlaces	
surnames	
birthNames	
givenNames	
foaf_names	
birthDates	
dbp_names	
aliases	


http://en.wikipedia.org/wiki/Utagawa_Yoshitora
birthPlaces	
surnames	
birthNames	
givenNames	
foaf_names	
birthDates	
dbp_names	
aliases	


http://en.wikipedia.org/wiki/Uwe_Nettelbeck
birthPlaces	http://dbpedia.org/resource/Germany	http://dbpedia.org/resource/Mannheim	
surnames	Nettelbeck	
birthNames	
givenNames	Uwe	
foaf_names	Uwe Nettelbeck	Nettelbeck, Uwe	
birthDates	1940-08-07	
dbp_names	
aliases	


http://en.wikipedia.org/wiki/Umesh_Yadav
birthPlaces	http://dbpedia.org/resource/Nagpur	http://dbpedia.org/resource/India	http://dbpedia.org/resource/Maharashtra	
surnames	Yadav	
birthNames	
givenNames	Umesh	
foaf_names	Umesh Yadav	Umeshkumar Tilak Yadav	Yadav, Umesh	
birthDates	1987-10-25	
dbp_names	
aliases	


http://en.wikipedia.org/wiki/Utagawa_Kunisada_III
birthPlaces	
surnames	
birthNames	
givenNames	
foaf_names	
birthDates	1848	
dbp_names	
aliases	


http://en.wikipedia.org/wiki/U._G._Krishnamurti
birthPlaces	http://dbpedia.org/resource/Machilipatnam	
surnames	Krishnamurti	
birthNames	
givenNames	U. G.	
foaf_names	U.G. Krishnamurti	U. G. Krishnamurti	Krishnamurti, U. G.	
birthDates	1918-07-09	
dbp_names	
aliases	


http://en.wikipedia.org/wiki/Unni_Menon
birthPlaces	http://dbpedia.org/resource/Guruvayur	
surnames	Menon	
birthNames	
givenNames	Unni	
foaf_names	Menon, Unni	Unni Menon	
birthDates	1957-08-12	1957-12-02	
dbp_names	
aliases	


http://en.wikipedia.org/wiki/Usama_ibn_Munqidh
birthPlaces	http://dbpedia.org/resource/Shaizar	
surnames	
birthNames	
givenNames	
foaf_names	
birthDates	1095-07-04	
dbp_names	
aliases	


http://en.wikipedia.org/wiki/Usmar_Ismail
birthPlaces	http://dbpedia.org/resource/Indonesia	http://dbpedia.org/resource/West_Sumatra	http://dbpedia.org/resource/Bukittinggi	
surnames	Ismail	
birthNames	
givenNames	Usmar	
foaf_names	Usmar Ismail	Ismail, Usmar	
birthDates	1921-03-20	
dbp_names	
aliases	


http://en.wikipedia.org/wiki/Ulrich_Jasper_Seetzen
birthPlaces	
surnames	
birthNames	
givenNames	
foaf_names	
birthDates	1767-01-30	
dbp_names	
aliases	


http://en.wikipedia.org/wiki/Umar_al-Aqta
birthPlaces	
surnames	
birthNames	
givenNames	
foaf_names	
birthDates	
dbp_names	
aliases	


http://en.wikipedia.org/wiki/Unsuk_Chin
birthPlaces	
surnames	Chin	
birthNames	
givenNames	Unsuk	
foaf_names	Unsuk Chin	Chin, Unsuk	
birthDates	1961-07-14	
dbp_names	
aliases	


http://en.wikipedia.org/wiki/Uzi_Landau
birthPlaces	http://dbpedia.org/resource/Haifa	http://dbpedia.org/resource/Mandatory_Palestine	
surnames	Landau	
birthNames	
givenNames	Uzi	
foaf_names	Uzi Landau	Landau, Uzi	
birthDates	1943-08-02	
dbp_names	
aliases	


http://en.wikipedia.org/wiki/Umm_Kulthum_bint_Ali
birthPlaces	
surnames	
birthNames	
givenNames	
foaf_names	
birthDates	
dbp_names	
aliases	


http://en.wikipedia.org/wiki/Ulrich_M%C3%BChe
birthPlaces	http://dbpedia.org/resource/Saxony	http://dbpedia.org/resource/Grimma	
surnames	Mühe	
birthNames	
givenNames	Ulrich	
foaf_names	Ulrich Mühe	
birthDates	1953-06-20	
dbp_names	
aliases	


http://en.wikipedia.org/wiki/Uri_Zvi_Greenberg
birthPlaces	http://dbpedia.org/resource/Galicia_(Eastern_Europe)	http://dbpedia.org/resource/Austria-Hungary	
surnames	Greenberg	
birthNames	
givenNames	Uri Zvi	
foaf_names	Greenberg, Uri Zvi	Uri Zvi Greenberg	
birthDates	1896-09-22	
dbp_names	
aliases	


http://en.wikipedia.org/wiki/Ulrike_Lunacek
birthPlaces	
surnames	Lunacek	
birthNames	
givenNames	Ulrike	
foaf_names	Lunacek, Ulrike	Ulrike Lunacek	
birthDates	1957-05-26	
dbp_names	
aliases	


http://en.wikipedia.org/wiki/Udo_Lindenberg
birthPlaces	
surnames	Lindenberg	
birthNames	
givenNames	Udo	
foaf_names	Lindenberg, Udo	Udo Lindenberg	
birthDates	1946-05-17	
dbp_names	
aliases	


http://en.wikipedia.org/wiki/Uncas
birthPlaces	
surnames	
birthNames	
givenNames	
foaf_names	
birthDates	
dbp_names	
aliases	


http://en.wikipedia.org/wiki/Uri_Fink
birthPlaces	http://dbpedia.org/resource/Tel_Aviv	http://dbpedia.org/resource/Israel	
surnames	Fink	
birthNames	
givenNames	Uri	
foaf_names	Uri Fink	Fink, Uri	
birthDates	1963-09-18	
dbp_names	
aliases	


http://en.wikipedia.org/wiki/Uma_Bharti
birthPlaces	http://dbpedia.org/resource/Madhya_Pradesh	http://dbpedia.org/resource/Tikamgarh	
surnames	Bharti	
birthNames	
givenNames	Uma	
foaf_names	Bharti, Uma	Uma Bharti	
birthDates	1959-05-03	
dbp_names	
aliases	


http://en.wikipedia.org/wiki/U._Srinivas
birthPlaces	http://dbpedia.org/resource/West_Godavari_district	http://dbpedia.org/resource/Palakollu	http://dbpedia.org/resource/Andhra_Pradesh	
surnames	Srinivas	
birthNames	
givenNames	U	
foaf_names	U Srinivas	Srinivas, U	U. Srinivas	
birthDates	1969-02-28	
dbp_names	
aliases	


http://en.wikipedia.org/wiki/Urjo_Kareda
birthPlaces	http://dbpedia.org/resource/Tallinn	http://dbpedia.org/resource/Estonia	
surnames	Kareda	
birthNames	
givenNames	Urjo	
foaf_names	Urjo Kareda	Kareda, Urjo	
birthDates	1944-02-09	
dbp_names	
aliases	


http://en.wikipedia.org/wiki/Uli_Stielike
birthPlaces	http://dbpedia.org/resource/Ketsch	http://dbpedia.org/resource/West_Germany	
surnames	Stielike	
birthNames	
givenNames	Uli	
foaf_names	Uli Stielike	Stielike, Uli	Ulrich Stielike	
birthDates	1954-11-15	
dbp_names	
aliases	


http://en.wikipedia.org/wiki/Userkaf
birthPlaces	
surnames	
birthNames	
givenNames	
foaf_names	
birthDates	
dbp_names	
aliases	


http://en.wikipedia.org/wiki/Ulick_de_Burgh,_1st_Marquess_of_Clanricarde
birthPlaces	http://dbpedia.org/resource/Hampshire	
surnames	
birthNames	
givenNames	
foaf_names	
birthDates	1802-12-20	
dbp_names	
aliases	


http://en.wikipedia.org/wiki/Umaru_Musa_Yar'Adua
birthPlaces	http://dbpedia.org/resource/Nigeria	http://dbpedia.org/resource/Katsina	
surnames	Yar'Adua	
birthNames	
givenNames	Umaru	
foaf_names	Umaru Yar'Adua	Umaru Musa Yar'Adua	Yar'Adua, Umaru	
birthDates	1951-08-16	
dbp_names	
aliases	Yar Adua, Umaru Musa	


http://en.wikipedia.org/wiki/Uffe_Ravnskov
birthPlaces	http://dbpedia.org/resource/Denmark	http://dbpedia.org/resource/Copenhagen	
surnames	Ravnskov	
birthNames	
givenNames	Uffe	
foaf_names	Ravnskov, Uffe	Uffe Ravnskov	
birthDates	1934	
dbp_names	
aliases	Ravnskov, Uffe	


http://en.wikipedia.org/wiki/Umar_Cheema
birthPlaces	
surnames	Cheema	
birthNames	
givenNames	Umar	
foaf_names	Cheema, Umar	Umar Cheema	
birthDates	1979	1978-07-03	
dbp_names	
aliases	


http://en.wikipedia.org/wiki/Udit_Raj
birthPlaces	http://dbpedia.org/resource/Allahabad_district	
surnames	Raj	
birthNames	
givenNames	Udit	
foaf_names	Raj, Udit	Udit Raj	
birthDates	1958-01-01	1961-01-01	
dbp_names	
aliases	


http://en.wikipedia.org/wiki/Usha_Ganguly
birthPlaces	http://dbpedia.org/resource/Jodhpur	
surnames	Ganguly	
birthNames	
givenNames	Usha	
foaf_names	Usha Ganguly	Ganguly, Usha	
birthDates	1945	
dbp_names	
aliases	


http://en.wikipedia.org/wiki/Unsh%C5%8D_Ishizuka
birthPlaces	http://dbpedia.org/resource/Katsuyama,_Fukui	http://dbpedia.org/resource/Japan	
surnames	
birthNames	
givenNames	
foaf_names	
birthDates	1951-05-16	
dbp_names	
aliases	


http://en.wikipedia.org/wiki/Ulf_Ekberg
birthPlaces	http://dbpedia.org/resource/Gothenburg	http://dbpedia.org/resource/Sweden	
surnames	Ekberg	
birthNames	
givenNames	Ulf Gunnar	Ulf Gunnar Ekberg	
foaf_names	Ekberg, Ulf Gunnar	Ulf Ekberg	Ulf Gunnar Ekberg	
birthDates	1970-12-06	
dbp_names	
aliases	Buddha	


http://en.wikipedia.org/wiki/Urpo_Lahtinen
birthPlaces	
surnames	Lahtinen	
birthNames	
givenNames	Urpo	
foaf_names	Lahtinen, Urpo	Urpo Lahtinen	
birthDates	1931	
dbp_names	
aliases	


http://en.wikipedia.org/wiki/Udo_J%C3%BCrgens
birthPlaces	http://dbpedia.org/resource/Federal_State_of_Austria	http://dbpedia.org/resource/Klagenfurt	
surnames	Jürgens	
birthNames	
givenNames	Udo	
foaf_names	Udo Jürgens	
birthDates	1934-10-18	
dbp_names	
aliases	


http://en.wikipedia.org/wiki/Ultan_of_Ardbraccan
birthPlaces	
surnames	
birthNames	
givenNames	
foaf_names	
birthDates	
dbp_names	
aliases	Ultan the scribe	


http://en.wikipedia.org/wiki/Ugo_da_Parlascio_Ebriaco
birthPlaces	
surnames	Parlascio Ebriaco	
birthNames	
givenNames	Ugo Da	
foaf_names	Parlascio Ebriaco, Ugo Da	Ugo Da Parlascio Ebriaco	
birthDates	
dbp_names	
aliases	


http://en.wikipedia.org/wiki/Ueki_Emori
birthPlaces	
surnames	
birthNames	
givenNames	
foaf_names	
birthDates	1857	
dbp_names	
aliases	


http://en.wikipedia.org/wiki/Uesugi_Kagekatsu
birthPlaces	http://dbpedia.org/resource/Japan	http://dbpedia.org/resource/Echigo_Province	
surnames	
birthNames	
givenNames	
foaf_names	
birthDates	1556-01-08	
dbp_names	
aliases	


http://en.wikipedia.org/wiki/Uchimura_Kanz%C5%8D
birthPlaces	http://dbpedia.org/resource/Tokyo	
surnames	
birthNames	
givenNames	
foaf_names	
birthDates	1861-03-26	
dbp_names	
aliases	


http://en.wikipedia.org/wiki/Urus_Khan
birthPlaces	
surnames	
birthNames	
givenNames	
foaf_names	
birthDates	
dbp_names	
aliases	


http://en.wikipedia.org/wiki/Urd_(Oh_My_Goddess!)
birthPlaces	
surnames	
birthNames	
givenNames	
foaf_names	
birthDates	
dbp_names	
aliases	


http://en.wikipedia.org/wiki/Unity_Dow
birthPlaces	http://dbpedia.org/resource/Bechuanaland_Protectorate	
surnames	Dow	
birthNames	
givenNames	Unity	
foaf_names	Unity Dow	Dow, Unity	
birthDates	1959-04-23	
dbp_names	
aliases	


http://en.wikipedia.org/wiki/Ulrich_Matthes
birthPlaces	http://dbpedia.org/resource/Berlin	
surnames	Matthes	
birthNames	
givenNames	Ulrich	
foaf_names	Ulrich Matthes	Matthes, Ulrich	
birthDates	1959-05-09	
dbp_names	
aliases	


http://en.wikipedia.org/wiki/Ulrika_Eleonora,_Queen_of_Sweden
birthPlaces	http://dbpedia.org/resource/Stockholm_Palace	http://dbpedia.org/resource/Sweden	
surnames	
birthNames	
givenNames	
foaf_names	
birthDates	1688-01-23	
dbp_names	
aliases	


http://en.wikipedia.org/wiki/Uwe_Bahnsen
birthPlaces	http://dbpedia.org/resource/Germany	http://dbpedia.org/resource/Hamburg	
surnames	Bahnsen	
birthNames	
givenNames	Uwe	
foaf_names	Bahnsen, Uwe	Uwe Bahnsen	
birthDates	1930	
dbp_names	
aliases	


http://en.wikipedia.org/wiki/Ujjal_Dosanjh
birthPlaces	http://dbpedia.org/resource/Jalandhar_district	
surnames	Dosanjh	
birthNames	
givenNames	Ujjal	
foaf_names	Ujjal Dosanjh	Ujjal Dev Singh Dosanjh	Dosanjh, Ujjal	
birthDates	1947-09-09	
dbp_names	
aliases	


http://en.wikipedia.org/wiki/Urbain_Dubois
birthPlaces	http://dbpedia.org/resource/Trets	
surnames	Dubois	
birthNames	Urbain Dubois	
givenNames	Urbain	
foaf_names	Urbain Dubois	Dubois, Urbain	
birthDates	1818-05-26	
dbp_names	
aliases	


http://en.wikipedia.org/wiki/Umberto_Cassuto
birthPlaces	
surnames	
birthNames	
givenNames	
foaf_names	
birthDates	
dbp_names	
aliases	


http://en.wikipedia.org/wiki/Uncle_Henry_(Oz)
birthPlaces	
surnames	
birthNames	
givenNames	
foaf_names	
birthDates	
dbp_names	
aliases	


http://en.wikipedia.org/wiki/Uriah_Duffy
birthPlaces	
surnames	Duffy	
birthNames	
givenNames	Uriah	
foaf_names	Uriah Duffy	Duffy, Uriah	
birthDates	1975-07-31	
dbp_names	
aliases	


http://en.wikipedia.org/wiki/Umberto_Mastroianni
birthPlaces	
surnames	Mastroianni	
birthNames	
givenNames	Umberto	
foaf_names	Umberto Mastroianni	Mastroianni, Umberto	
birthDates	1910-09-21	
dbp_names	
aliases	


http://en.wikipedia.org/wiki/Uee
birthPlaces	http://dbpedia.org/resource/South_Korea	http://dbpedia.org/resource/Daegu	http://dbpedia.org/resource/Incheon	
surnames	
birthNames	
givenNames	
foaf_names	
birthDates	1988-04-09	
dbp_names	
aliases	U-ie	


http://en.wikipedia.org/wiki/Ulla_Hahn
birthPlaces	
surnames	Hahn	
birthNames	
givenNames	Ulla	
foaf_names	Ulla Hahn	Hahn, Ulla	
birthDates	1946-04-30	
dbp_names	
aliases	


http://en.wikipedia.org/wiki/Unknown_Hinson
birthPlaces	
surnames	Hinson	
birthNames	
givenNames	Stuart Daniel Baker	Unknown	
foaf_names	Unknown Hinson	Hinson, Unknown	
birthDates	1954	
dbp_names	
aliases	


http://en.wikipedia.org/wiki/Ulrich_von_Hutten
birthPlaces	http://dbpedia.org/resource/Hesse	http://dbpedia.org/resource/Steckelberg_Castle	http://dbpedia.org/resource/Schlüchtern	http://dbpedia.org/resource/Schl%C3%BCchtern	
surnames	Hutten	
birthNames	
givenNames	Ulrich von	
foaf_names	Hutten, Ulrich von	Ulrich von Hutten	
birthDates	1488-04-21	
dbp_names	
aliases	


http://en.wikipedia.org/wiki/Ursula_Franklin
birthPlaces	http://dbpedia.org/resource/Germany	http://dbpedia.org/resource/Munich	
surnames	Franklin	
birthNames	
givenNames	Ursula Martius	
foaf_names	Franklin, Ursula Martius	Ursula Franklin	Ursula Martius Franklin	
birthDates	1921-09-16	
dbp_names	
aliases	


http://en.wikipedia.org/wiki/Uwe_Reinhardt
birthPlaces	
surnames	
birthNames	
givenNames	
foaf_names	
birthDates	1937-09-24	
dbp_names	
aliases	


http://en.wikipedia.org/wiki/Uma_Maheswari
birthPlaces	
surnames	
birthNames	
givenNames	
foaf_names	
birthDates	
dbp_names	
aliases	


http://en.wikipedia.org/wiki/Urvashi
birthPlaces	
surnames	
birthNames	
givenNames	
foaf_names	
birthDates	
dbp_names	
aliases	


http://en.wikipedia.org/wiki/Ulysses_Bloodstone
birthPlaces	
surnames	
birthNames	
givenNames	
foaf_names	
birthDates	
dbp_names	
aliases	


http://en.wikipedia.org/wiki/Usha_Uthup
birthPlaces	http://dbpedia.org/resource/Mumbai	
surnames	Uthup	
birthNames	
givenNames	Usha	Usha Vaidyanath Someshwar Sami	
foaf_names	Uthup, Usha	Usha Uthup	
birthDates	1947-11-07	1947-11-08	
dbp_names	
aliases	Didi inKeralaandWest Bengal	


http://en.wikipedia.org/wiki/Uncle_Murda
birthPlaces	
surnames	
birthNames	
givenNames	
foaf_names	
birthDates	1980-07-25	
dbp_names	
aliases	U.M	Grant, Leonard (birth name)	


http://en.wikipedia.org/wiki/Ulvi_Cemal_Erkin
birthPlaces	
surnames	Erkn	
birthNames	
givenNames	Ulvi Cemal	
foaf_names	Erkn, Ulvi Cemal	Ulvi Cemal Erkn	
birthDates	1906-03-14	
dbp_names	
aliases	


http://en.wikipedia.org/wiki/Ulrich_von_Jungingen
birthPlaces	http://dbpedia.org/resource/Hohenfels,_Konstanz	
surnames	Jungingen	
birthNames	
givenNames	Ulrich Von	
foaf_names	Jungingen, Ulrich Von	Ulrich von Jungingen	Ulrich Von Jungingen	
birthDates	1360-01-08	
dbp_names	
aliases	


http://en.wikipedia.org/wiki/Uttam_Mohanty
birthPlaces	http://dbpedia.org/resource/India	http://dbpedia.org/resource/Bihar	http://dbpedia.org/resource/Balrampur	
surnames	Mohanty	
birthNames	
givenNames	Uttam	
foaf_names	Mohanty, Uttam	Uttam Mohanty	
birthDates	1958	
dbp_names	
aliases	


http://en.wikipedia.org/wiki/Uriah_Smith
birthPlaces	
surnames	Smith	
birthNames	
givenNames	Uriah	
foaf_names	Smith, Uriah	Uriah Smith	
birthDates	1832-05-03	
dbp_names	
aliases	


http://en.wikipedia.org/wiki/Uday_Kiran
birthPlaces	http://dbpedia.org/resource/Hyderabad	http://dbpedia.org/resource/India	http://dbpedia.org/resource/Telangana	http://dbpedia.org/resource/Andhra_Pradesh	
surnames	Kiran	
birthNames	Vajpeyajula Uday Kiran	
givenNames	Uday	
foaf_names	Kiran, Uday	Uday Kiran	
birthDates	1980-01-26	
dbp_names	
aliases	


http://en.wikipedia.org/wiki/United_States_Ambassador_to_Bulgaria
birthPlaces	
surnames	
birthNames	
givenNames	
foaf_names	
birthDates	
dbp_names	
aliases	


http://en.wikipedia.org/wiki/Uppalavanna
birthPlaces	
surnames	
birthNames	
givenNames	
foaf_names	
birthDates	
dbp_names	
aliases	


http://en.wikipedia.org/wiki/Udny_Yule
birthPlaces	http://dbpedia.org/resource/Scotland	http://dbpedia.org/resource/Morham	
surnames	Yule	
birthNames	
givenNames	George Udny	
foaf_names	George Udny Yule	Yule, George Udny	
birthDates	1871-02-18	
dbp_names	
aliases	


http://en.wikipedia.org/wiki/Urs_Fischer
birthPlaces	http://dbpedia.org/resource/Switzerland	
surnames	
birthNames	
givenNames	
foaf_names	
birthDates	1973	
dbp_names	
aliases	


http://en.wikipedia.org/wiki/Uuno_Turhapuro
birthPlaces	
surnames	
birthNames	
givenNames	
foaf_names	
birthDates	
dbp_names	
aliases	


http://en.wikipedia.org/wiki/Ulf_Ekman
birthPlaces	
surnames	Ekman	
birthNames	
givenNames	Ulf	
foaf_names	Ekman, Ulf	Ulf Ekman	
birthDates	1950-12-08	
dbp_names	
aliases	


http://en.wikipedia.org/wiki/Urs_Suter
birthPlaces	http://dbpedia.org/resource/Zürich	http://dbpedia.org/resource/Switzerland	http://dbpedia.org/resource/Z%C3%BCrich	
surnames	Suter	
birthNames	
givenNames	Urs	
foaf_names	Urs Suter	Suter, Urs	
birthDates	1959-03-04	
dbp_names	
aliases	


http://en.wikipedia.org/wiki/Uwe_R%C3%B6sler
birthPlaces	http://dbpedia.org/resource/Altenburg	http://dbpedia.org/resource/East_Germany_national_football_team	
surnames	Rösler	
birthNames	
givenNames	Uwe	
foaf_names	Uwe Rösler	
birthDates	1968-11-15	
dbp_names	
aliases	


http://en.wikipedia.org/wiki/Umayya_Abu-Hanna
birthPlaces	http://dbpedia.org/resource/Haifa	http://dbpedia.org/resource/Israel	
surnames	Abu-Hanna	
birthNames	
givenNames	Umayya	
foaf_names	Abu-Hanna, Umayya	Umayya Abu-Hanna	
birthDates	1961-03-17	
dbp_names	
aliases	


http://en.wikipedia.org/wiki/Urmas_Sisask
birthPlaces	
surnames	Sisask	
birthNames	
givenNames	Urmas	
foaf_names	Sisask, Urmas	Urmas Sisask	
birthDates	1960-09-09	
dbp_names	
aliases	


http://en.wikipedia.org/wiki/Ursula_Hoff
birthPlaces	
surnames	Hoff	
birthNames	
givenNames	Ursula	
foaf_names	Hoff, Ursula	Ursula Hoff	
birthDates	1909-12-26	
dbp_names	
aliases	


http://en.wikipedia.org/wiki/Ulf_Sterner
birthPlaces	http://dbpedia.org/resource/Sweden	http://dbpedia.org/resource/Deje	
surnames	Sterner	
birthNames	
givenNames	Ulf	
foaf_names	Sterner, Ulf	Ulf Sterner	
birthDates	1941-02-11	
dbp_names	
aliases	Uffe	


http://en.wikipedia.org/wiki/Ulrich_Parzany
birthPlaces	http://dbpedia.org/resource/Essen	
surnames	Parzany	
birthNames	
givenNames	Ulrich	
foaf_names	Ulrich Parzany	Parzany, Ulrich	
birthDates	1941-03-24	
dbp_names	
aliases	


http://en.wikipedia.org/wiki/Ursula_Evje
birthPlaces	
surnames	Evje	
birthNames	
givenNames	Ursula	
foaf_names	Ursula Evje	Evje, Ursula	
birthDates	1944-12-13	
dbp_names	
aliases	


http://en.wikipedia.org/wiki/Una_Paisley
birthPlaces	
surnames	Paisley	
birthNames	
givenNames	Una	
foaf_names	Una Paisley	Paisley, Una	
birthDates	1922	
dbp_names	
aliases	


http://en.wikipedia.org/wiki/Urmas_Rooba
birthPlaces	http://dbpedia.org/resource/Roosna-Alliku_Parish	http://dbpedia.org/resource/Estonia	http://dbpedia.org/resource/Kaaruka	
surnames	Rooba	
birthNames	
givenNames	Urmas	
foaf_names	Rooba, Urmas	Urmas Rooba	
birthDates	1978-07-08	
dbp_names	
aliases	


http://en.wikipedia.org/wiki/Ursula_Holden-Gill
birthPlaces	
surnames	Holden-Gill	
birthNames	
givenNames	Ursula	
foaf_names	Holden-Gill, Ursula	Ursula Holden-Gill	
birthDates	1974-03-21	
dbp_names	
aliases	


http://en.wikipedia.org/wiki/Usman_Khawaja
birthPlaces	http://dbpedia.org/resource/Pakistan	http://dbpedia.org/resource/Islamabad	
surnames	Khawaja	
birthNames	
givenNames	Usman	
foaf_names	Usman Tariq Khawaja	Usman Khawaja	Khawaja, Usman	
birthDates	1986-12-18	
dbp_names	
aliases	


http://en.wikipedia.org/wiki/Ueli_Kestenholz
birthPlaces	
surnames	Kestenholz	
birthNames	
givenNames	Ueli	
foaf_names	Kestenholz, Ueli	Ueli Kestenholz	
birthDates	1975-05-10	
dbp_names	
aliases	


http://en.wikipedia.org/wiki/Ulrich_Ram%C3%A9
birthPlaces	http://dbpedia.org/resource/Nantes	http://dbpedia.org/resource/France	
surnames	Ramé	
birthNames	
givenNames	Ulrich	
foaf_names	Ulrich Ramé	
birthDates	1972-09-19	
dbp_names	
aliases	


http://en.wikipedia.org/wiki/Ulf_Stenlund
birthPlaces	http://dbpedia.org/resource/Sweden	http://dbpedia.org/resource/Falun	
surnames	Stenlund	
birthNames	
givenNames	Ulf	
foaf_names	Stenlund, Ulf	Ulf Stenlund	
birthDates	1967-01-21	
dbp_names	
aliases	


http://en.wikipedia.org/wiki/Una_Nwajei
birthPlaces	http://dbpedia.org/resource/Nigeria	
surnames	Nwajei	
birthNames	
givenNames	Una	
foaf_names	Nwajei, Una	Una Nwajei	Una Obiose Kriston Nwajei	
birthDates	1977-03-17	
dbp_names	
aliases	


http://en.wikipedia.org/wiki/Ulrike_Folkerts
birthPlaces	
surnames	Folkerts	
birthNames	
givenNames	Ulrike	
foaf_names	Folkerts, Ulrike	Ulrike Folkerts	
birthDates	1961-05-14	
dbp_names	
aliases	


http://en.wikipedia.org/wiki/Uwe_Ehlers
birthPlaces	http://dbpedia.org/resource/East_Germany	http://dbpedia.org/resource/Rostock	
surnames	Ehlers	
birthNames	
givenNames	Uwe	
foaf_names	Uwe Ehlers	Ehlers, Uwe	
birthDates	1975-03-08	
dbp_names	
aliases	


http://en.wikipedia.org/wiki/Ulugbek_Bakayev
birthPlaces	http://dbpedia.org/resource/Bukhara	http://dbpedia.org/resource/Uzbek_Soviet_Socialist_Republic	http://dbpedia.org/resource/Soviet_Union	
surnames	Bakayev	
birthNames	
givenNames	Ulugbek	
foaf_names	Bakayev, Ulugbek	Ulugbek Bakayev	
birthDates	1978-11-28	
dbp_names	
aliases	


http://en.wikipedia.org/wiki/Ursula_Eason
birthPlaces	http://dbpedia.org/resource/Streatham	
surnames	Eason	
birthNames	
givenNames	Ursula	
foaf_names	Eason, Ursula	Ursula Vernon Eason	Ursula Eason	
birthDates	1910-08-19	
dbp_names	
aliases	


http://en.wikipedia.org/wiki/Ulrike_Gu%C3%A9rot
birthPlaces	
surnames	Guerot	
birthNames	
givenNames	Ulrike	
foaf_names	Ulrike Guerot	
birthDates	
dbp_names	
aliases	


http://en.wikipedia.org/wiki/Umar_Patek
birthPlaces	http://dbpedia.org/resource/Indonesia	http://dbpedia.org/resource/Java	
surnames	Patek	
birthNames	
givenNames	Umar	
foaf_names	Umar Patek	Patek, Umar	
birthDates	1970	
dbp_names	
aliases	


http://en.wikipedia.org/wiki/Uemura_Sh%C5%8Den
birthPlaces	http://dbpedia.org/resource/Kyoto	http://dbpedia.org/resource/Japan	
surnames	
birthNames	
givenNames	
foaf_names	
birthDates	1875-04-23	
dbp_names	
aliases	


http://en.wikipedia.org/wiki/Ukee_Washington
birthPlaces	
surnames	Washington	
birthNames	Ulysses Samuel Washington III	
givenNames	Ukee	
foaf_names	Washington, Ukee	Ukee Washington	
birthDates	1958-08-20	
dbp_names	
aliases	


http://en.wikipedia.org/wiki/Ulpio_Minucci
birthPlaces	
surnames	Minucci	
birthNames	
givenNames	Ulpio	
foaf_names	Ulpio Minucci	Minucci, Ulpio	
birthDates	1917-06-29	
dbp_names	
aliases	


http://en.wikipedia.org/wiki/U._V._Swaminatha_Iyer
birthPlaces	
surnames	Iyer	
birthNames	
givenNames	U. V. Swaminatha	
foaf_names	U. V. Swaminatha Iyer	Iyer, U. V. Swaminatha	
birthDates	1855	
dbp_names	
aliases	


http://en.wikipedia.org/wiki/Uriah_Shelton
birthPlaces	http://dbpedia.org/resource/United_States	http://dbpedia.org/resource/Dallas	http://dbpedia.org/resource/Texas	
surnames	Shelton	
birthNames	
givenNames	Uriah	
foaf_names	Shelton, Uriah	Uriah Shelton	
birthDates	1997-03-10	1997-10-31	
dbp_names	
aliases	


http://en.wikipedia.org/wiki/Ur%C5%A1a_Bogataj
birthPlaces	http://dbpedia.org/resource/Slovenia	http://dbpedia.org/resource/Trbovlje	
surnames	Bogataj	
birthNames	
givenNames	Ursa	
foaf_names	Ursa Bogataj	
birthDates	1995-03-07	
dbp_names	
aliases	


http://en.wikipedia.org/wiki/Ulrik_Neumann
birthPlaces	http://dbpedia.org/resource/Denmark	http://dbpedia.org/resource/Copenhagen	
surnames	Neumann	
birthNames	
givenNames	Ulrik	
foaf_names	Ulrik Neumann	Neumann, Ulrik	
birthDates	1918-10-23	
dbp_names	
aliases	Hans Ulrik Neumann	


http://en.wikipedia.org/wiki/Uwe_Hohn
birthPlaces	http://dbpedia.org/resource/Neuruppin	
surnames	Hohn	
birthNames	
givenNames	Uwe	
foaf_names	Uwe Hohn	Hohn, Uwe	
birthDates	1962-07-16	
dbp_names	
aliases	


http://en.wikipedia.org/wiki/Ustadh_Sis
birthPlaces	
surnames	
birthNames	
givenNames	
foaf_names	
birthDates	
dbp_names	
aliases	


http://en.wikipedia.org/wiki/Ulrich_Bez
birthPlaces	
surnames	Bez	
birthNames	
givenNames	Ulrich	
foaf_names	Ulrich Bez	Bez, Ulrich	
birthDates	1943	
dbp_names	
aliases	


http://en.wikipedia.org/wiki/Umar_Wirahadikusumah
birthPlaces	http://dbpedia.org/resource/West_Java	http://dbpedia.org/resource/Sumedang	http://dbpedia.org/resource/Dutch_East_Indies	
surnames	Wirahadikusumah	
birthNames	
givenNames	Umar	
foaf_names	Wirahadikusumah, Umar	Umar Wirahadikusumah	
birthDates	1924-10-10	
dbp_names	
aliases	


http://en.wikipedia.org/wiki/Uli_Hiemer
birthPlaces	http://dbpedia.org/resource/West_Germany	http://dbpedia.org/resource/F%C3%BCssen	http://dbpedia.org/resource/Füssen	
surnames	Hiemer	
birthNames	
givenNames	Uli	
foaf_names	Uli Hiemer	Hiemer, Uli	
birthDates	1962-09-21	
dbp_names	
aliases	


http://en.wikipedia.org/wiki/Uncle_Dave_Macon
birthPlaces	http://dbpedia.org/resource/United_States	http://dbpedia.org/resource/Tennessee	
surnames	Macon	
birthNames	
givenNames	David Harrison Macon	Uncle Dave	
foaf_names	Uncle Dave Macon	Macon, Uncle Dave	
birthDates	1870-10-07	
dbp_names	
aliases	\"Dixie Dewdrop\"	


http://en.wikipedia.org/wiki/Ubaldo_Jim%C3%A9nez
birthPlaces	http://dbpedia.org/resource/Nagua	http://dbpedia.org/resource/Dominican_Republic	
surnames	Jiménez	
birthNames	
givenNames	Ubaldo	
foaf_names	Ubaldo Jiménez	
birthDates	1984-01-22	
dbp_names	
aliases	


http://en.wikipedia.org/wiki/Usmaan
birthPlaces	
surnames	
birthNames	
givenNames	
foaf_names	
birthDates	
dbp_names	
aliases	


http://en.wikipedia.org/wiki/Uday_Singh_Taunque
birthPlaces	http://dbpedia.org/resource/Chandigarh	http://dbpedia.org/resource/India	
surnames	Singh	
birthNames	
givenNames	Uday	
foaf_names	Uday Singh	Singh, Uday	Sergeant Uday Singh	
birthDates	1982	
dbp_names	
aliases	


http://en.wikipedia.org/wiki/U._S._Grant_Sharp,_Jr.
birthPlaces	http://dbpedia.org/resource/Chinook,_Montana	
surnames	Sharp	
birthNames	
givenNames	Ulysses	
foaf_names	Sharp, Ulysses	Ulysses Sharp	
birthDates	1906-04-02	
dbp_names	
aliases	


http://en.wikipedia.org/wiki/Ulrich_von_Hassell
birthPlaces	http://dbpedia.org/resource/Anklam	
surnames	Hassell	
birthNames	
givenNames	Ulrich von	
foaf_names	Ulrich von Hassell	Hassell, Ulrich von	
birthDates	1881-11-12	
dbp_names	
aliases	


http://en.wikipedia.org/wiki/Ursula_Burns
birthPlaces	http://dbpedia.org/resource/United_States	http://dbpedia.org/resource/New_York	http://dbpedia.org/resource/Manhattan	
surnames	Burns	
birthNames	
givenNames	Ursula M.	
foaf_names	Ursula M. Burns	Ursula Burns	Burns, Ursula M.	
birthDates	1958-09-20	
dbp_names	
aliases	


http://en.wikipedia.org/wiki/Uriel_Waizel
birthPlaces	
surnames	Waizel	
birthNames	
givenNames	Uriel	
foaf_names	Uriel Waizel	Waizel, Uriel	
birthDates	1973-09-18	
dbp_names	
aliases	


http://en.wikipedia.org/wiki/Uriel_Jones
birthPlaces	http://dbpedia.org/resource/Detroit	http://dbpedia.org/resource/Michigan	
surnames	Jones	
birthNames	
givenNames	Uriel	Uriel Jones	
foaf_names	Jones, Uriel	Uriel Jones	
birthDates	1934-06-13	
dbp_names	
aliases	


https://en.wikipedia.org/wiki/Ursula_Vernon
birthPlaces	
surnames	Vernon	
birthNames	
givenNames	Ursula	
foaf_names	Ursula Vernon	Vernon, Ursula	
birthDates	1977-05-28	
dbp_names	
aliases	


http://en.wikipedia.org/wiki/Uto_Ughi
birthPlaces	
surnames	Ughi	
birthNames	
givenNames	Uto	
foaf_names	Uto Ughi	Ughi, Uto	
birthDates	1944-01-21	
dbp_names	
aliases	


http://en.wikipedia.org/wiki/Ushio_Shinohara
birthPlaces	http://dbpedia.org/resource/Tokyo	http://dbpedia.org/resource/Japan	
surnames	Shinohara	
birthNames	
givenNames	Ushio	
foaf_names	Ushio Shinohara	Shinohara, Ushio	
birthDates	1932	
dbp_names	
aliases	


http://en.wikipedia.org/wiki/Ultimate_Pro_Wrestling
birthPlaces	
surnames	
birthNames	
givenNames	
foaf_names	
birthDates	
dbp_names	
aliases	


http://en.wikipedia.org/wiki/Ugyen_Wangchuck
birthPlaces	http://dbpedia.org/resource/Bumthang_District	
surnames	Wangchuck	
birthNames	
givenNames	Ugyen	
foaf_names	Ugyen Wangchuck	Wangchuck, Ugyen	
birthDates	1862	
dbp_names	
aliases	


http://en.wikipedia.org/wiki/United_States_Senate_career_of_Barack_Obama
birthPlaces	http://dbpedia.org/resource/Honolulu	
surnames	
birthNames	
givenNames	
foaf_names	
birthDates	1961-08-04	
dbp_names	
aliases	


http://en.wikipedia.org/wiki/Urs_H%C3%B6lzle
birthPlaces	
surnames	Holzle	
birthNames	
givenNames	Urs	
foaf_names	Urs Holzle	
birthDates	
dbp_names	
aliases	


http://en.wikipedia.org/wiki/Una_Merkel
birthPlaces	http://dbpedia.org/resource/Covington,_Kentucky	
surnames	Merkel	
birthNames	
givenNames	Una	
foaf_names	Una Merkel	Merkel, Una	
birthDates	1903-12-10	
dbp_names	
aliases	


http://en.wikipedia.org/wiki/Una_Stubbs
birthPlaces	http://dbpedia.org/resource/United_Kingdom	http://dbpedia.org/resource/Welwyn_Garden_City	http://dbpedia.org/resource/England	http://dbpedia.org/resource/Hertfordshire	
surnames	Stubbs	
birthNames	
givenNames	Una	
foaf_names	Una Stubbs	Stubbs, Una	
birthDates	1937-05-01	
dbp_names	
aliases	


http://en.wikipedia.org/wiki/Una_Canger
birthPlaces	
surnames	Canger	
birthNames	
givenNames	Una	
foaf_names	Una Canger	Canger, Una	
birthDates	1938-05-14	
dbp_names	
aliases	Rasmussen, Una	


http://en.wikipedia.org/wiki/Ulf_Johansson
birthPlaces	
surnames	Johansson	
birthNames	
givenNames	Ulf	
foaf_names	Johansson, Ulf	Ulf Johansson	
birthDates	1967-05-26	
dbp_names	
aliases	


http://en.wikipedia.org/wiki/Urvashi_Butalia
birthPlaces	http://dbpedia.org/resource/Ambala	
surnames	Butalia	
birthNames	
givenNames	Urvashi	
foaf_names	Butalia, Urvashi	Urvashi Butalia	
birthDates	1952	
dbp_names	
aliases	


http://en.wikipedia.org/wiki/U_Pandita
birthPlaces	http://dbpedia.org/resource/Insein_Township	http://dbpedia.org/resource/British_rule_in_Burma	http://dbpedia.org/resource/Yangon_Region	
surnames	
birthNames	
givenNames	
foaf_names	
birthDates	1921-07-29	
dbp_names	
aliases	


http://en.wikipedia.org/wiki/Uj%C5%8D_Noguchi
birthPlaces	http://dbpedia.org/resource/Kitaibaraki,_Ibaraki	
surnames	
birthNames	
givenNames	
foaf_names	
birthDates	1882	
dbp_names	
aliases	


http://en.wikipedia.org/wiki/Urban_Mystic
birthPlaces	http://dbpedia.org/resource/Fort_Lauderdale,_Florida	http://dbpedia.org/resource/Florida	
surnames	
birthNames	
givenNames	
foaf_names	
birthDates	1984	
dbp_names	
aliases	


http://en.wikipedia.org/wiki/Ursula_Mancusi_Ungaro
birthPlaces	http://dbpedia.org/resource/Miami_Beach,_Florida	
surnames	Ungaro	
birthNames	
givenNames	Ursula Mancusi	
foaf_names	Ungaro, Ursula Mancusi	Ursula Mancusi Ungaro	
birthDates	1951	
dbp_names	
aliases	


