http://en.wikipedia.org/wiki/Xenomania
birthPlaces	
surnames	
birthNames	
givenNames	
foaf_names	
birthDates	
dbp_names	
aliases	


http://en.wikipedia.org/wiki/Xombi
birthPlaces	
surnames	
birthNames	
givenNames	
foaf_names	
birthDates	
dbp_names	
aliases	


http://en.wikipedia.org/wiki/Xavi
birthPlaces	http://dbpedia.org/resource/Terrassa	http://dbpedia.org/resource/Spain_national_football_team	
surnames	
birthNames	
givenNames	
foaf_names	
birthDates	1980-01-25	
dbp_names	
aliases	Xavier Hernández Creus	


http://en.wikipedia.org/wiki/Xanana_Gusm%C3%A3o
birthPlaces	http://dbpedia.org/resource/Portuguese_Timor	http://dbpedia.org/resource/Manatuto	
surnames	Gusmao	
birthNames	
givenNames	Xanana	
foaf_names	Xanana Gusmao	
birthDates	1946-06-20	
dbp_names	
aliases	


http://en.wikipedia.org/wiki/Xenophon
birthPlaces	http://dbpedia.org/resource/Classical_Athens	
surnames	
birthNames	
givenNames	
foaf_names	
birthDates	-430	
dbp_names	
aliases	


http://en.wikipedia.org/wiki/Xi_Jinping
birthPlaces	http://dbpedia.org/resource/Beijing	http://dbpedia.org/resource/China	
surnames	
birthNames	
givenNames	
foaf_names	
birthDates	1953-06-15	1953-06-01	
dbp_names	
aliases	


http://en.wikipedia.org/wiki/Xiang_Yu
birthPlaces	
surnames	Xiang	
birthNames	
givenNames	Yu	
foaf_names	Xiang, Yu	Yu Xiang	Xiang Yu	
birthDates	-232	
dbp_names	
aliases	


http://en.wikipedia.org/wiki/Xuanzang
birthPlaces	http://dbpedia.org/resource/Chinese_Buddhism	
surnames	
birthNames	
givenNames	
foaf_names	
birthDates	0602	
dbp_names	
aliases	


http://en.wikipedia.org/wiki/Ximena_Navarrete
birthPlaces	http://dbpedia.org/resource/Mexico	http://dbpedia.org/resource/Jalisco	http://dbpedia.org/resource/Guadalajara	
surnames	Navarrete Rosete	
birthNames	Jimena Navarrete Rosete	
givenNames	Jimena	
foaf_names	Ximena Navarrete	Jimena Navarrete Rosete	Navarrete Rosete, Jimena	
birthDates	1988-02-22	
dbp_names	
aliases	Navarrete, Ximena	


http://en.wikipedia.org/wiki/Xavier_Carter
birthPlaces	http://dbpedia.org/resource/United_States	http://dbpedia.org/resource/Palm_Bay,_Florida	
surnames	Carter	
birthNames	
givenNames	Xavier	
foaf_names	Carter, Xavier	Xavier Carter	
birthDates	1985-12-08	
dbp_names	
aliases	


http://en.wikipedia.org/wiki/Xander_Parish
birthPlaces	
surnames	Parish	
birthNames	
givenNames	Xander	
foaf_names	Xander Parish	Parish, Xander	
birthDates	
dbp_names	
aliases	


http://en.wikipedia.org/wiki/X._J._Kennedy
birthPlaces	
surnames	Kennedy	
birthNames	
givenNames	X. J.	
foaf_names	Kennedy, X. J.	X. J. Kennedy	
birthDates	1929-08-21	
dbp_names	
aliases	


http://en.wikipedia.org/wiki/Xuande_Emperor
birthPlaces	http://dbpedia.org/resource/Beijing	
surnames	
birthNames	
givenNames	
foaf_names	
birthDates	1398-02-25	
dbp_names	
aliases	


http://en.wikipedia.org/wiki/Xavier_Cugat
birthPlaces	http://dbpedia.org/resource/Catalonia	http://dbpedia.org/resource/Girona	http://dbpedia.org/resource/Spain	
surnames	Cugat	
birthNames	Francisco de Asís Javier Cugat Mingall de Bru y Deulofeu	
givenNames	Xavier	
foaf_names	Xavier Cugat	Cugat, Xavier	
birthDates	1900-01-01	
dbp_names	
aliases	


http://en.wikipedia.org/wiki/Xing_Yu
birthPlaces	http://dbpedia.org/resource/China	http://dbpedia.org/resource/Zhangqiu	http://dbpedia.org/resource/Shandong	
surnames	
birthNames	
givenNames	
foaf_names	
birthDates	1978-12-27	
dbp_names	
aliases	Shi Xing Yu, Shi Yanneng, Shi Yan Neng	


http://en.wikipedia.org/wiki/Xavier_Naidoo
birthPlaces	http://dbpedia.org/resource/Mannheim	
surnames	Naidoo	
birthNames	
givenNames	Xavier	Xavier Kurt Naidoo	
foaf_names	Xavier Naidoo	Naidoo, Xavier	
birthDates	1971-10-02	
dbp_names	
aliases	


http://en.wikipedia.org/wiki/Xzibit
birthPlaces	http://dbpedia.org/resource/United_States	http://dbpedia.org/resource/Detroit	http://dbpedia.org/resource/Michigan	
surnames	
birthNames	
givenNames	
foaf_names	
birthDates	1974-09-18	
dbp_names	
aliases	X to the Z	


http://en.wikipedia.org/wiki/Xiang_Yun
birthPlaces	http://dbpedia.org/resource/Singapore	
surnames	Xiang	
birthNames	
givenNames	Yun	
foaf_names	Xiàng Yún	向云	向雲	Yun Xiang	Xiang Yun	Xiang, Yun	
birthDates	1961-10-27	
dbp_names	
aliases	Chen Cuichang	


http://en.wikipedia.org/wiki/XML_Schema_(W3C)
birthPlaces	
surnames	
birthNames	
givenNames	
foaf_names	
birthDates	
dbp_names	
aliases	


http://en.wikipedia.org/wiki/Xena
birthPlaces	
surnames	
birthNames	
givenNames	
foaf_names	
birthDates	
dbp_names	
aliases	


http://en.wikipedia.org/wiki/Xavier_Avery
birthPlaces	
surnames	Avery	
birthNames	
givenNames	Xavier	
foaf_names	Xavier Avery	Avery, Xavier	
birthDates	1990-01-01	
dbp_names	
aliases	


http://en.wikipedia.org/wiki/Xerxes_I
birthPlaces	http://dbpedia.org/resource/Achaemenid_Empire	
surnames	
birthNames	
givenNames	
foaf_names	
birthDates	-519	
dbp_names	
aliases	Khshayathiya Khshayathiyanam	


http://en.wikipedia.org/wiki/Xu_Linyin
birthPlaces	http://dbpedia.org/resource/Shanghai	http://dbpedia.org/resource/China	
surnames	Xu	
birthNames	
givenNames	Linyin	
foaf_names	Linyin Xu	Xu, Linyin	
birthDates	1986-03-20	
dbp_names	
aliases	


http://en.wikipedia.org/wiki/Xian_Lim
birthPlaces	http://dbpedia.org/resource/California	http://dbpedia.org/resource/San_Francisco	
surnames	Lim	
birthNames	Alexander Xian Cruz Lim Uy	
givenNames	Xian	
foaf_names	Xian Lim	Lim, Xian	
birthDates	1989-07-12	
dbp_names	
aliases	


http://en.wikipedia.org/wiki/XXXChange
birthPlaces	
surnames	
birthNames	
givenNames	
foaf_names	
birthDates	
dbp_names	
aliases	Armani XXXChange	Epton, Alex Brady	


http://en.wikipedia.org/wiki/Xavier_Musca
birthPlaces	http://dbpedia.org/resource/France	http://dbpedia.org/resource/Bastia	
surnames	Musca	
birthNames	
givenNames	Xavier	
foaf_names	Xavier Musca	Musca, Xavier	
birthDates	1960-02-23	
dbp_names	
aliases	


http://en.wikipedia.org/wiki/Xu_Shen
birthPlaces	
surnames	Xu	
birthNames	
givenNames	Shen	
foaf_names	Shen Xu	Xu, Shen	
birthDates	0058	
dbp_names	
aliases	


http://en.wikipedia.org/wiki/Xavier_Montsalvatge
birthPlaces	http://dbpedia.org/resource/Girona	
surnames	Montsalvatge	
birthNames	Xavier Montsalvatge i Bassols	
givenNames	Xavier	
foaf_names	Montsalvatge, Xavier	Xavier Montsalvatge	
birthDates	1912-03-11	
dbp_names	
aliases	


http://en.wikipedia.org/wiki/Xiao_He
birthPlaces	
surnames	Xiao	
birthNames	
givenNames	He	
foaf_names	Xiao, He	He Xiao	
birthDates	
dbp_names	
aliases	


http://en.wikipedia.org/wiki/Xu_Jinglei
birthPlaces	
surnames	Xu	
birthNames	
givenNames	Jinglei	
foaf_names	徐静蕾	Xu, Jinglei	Ceoi4 Zing6-leoi4	Xú Jìnglěi	Xu Jinglei	徐靜蕾	Jinglei Xu	
birthDates	1974-04-16	
dbp_names	
aliases	


http://en.wikipedia.org/wiki/Xanthippe
birthPlaces	
surnames	
birthNames	
givenNames	
foaf_names	
birthDates	
dbp_names	
aliases	


http://en.wikipedia.org/wiki/Xinru_Liu
birthPlaces	
surnames	Liu	
birthNames	
givenNames	Xinru	
foaf_names	Xinru Liu	Liu, Xinru	
birthDates	
dbp_names	
aliases	


http://en.wikipedia.org/wiki/Xu_Beihong
birthPlaces	http://dbpedia.org/resource/China	http://dbpedia.org/resource/Qing_dynasty	http://dbpedia.org/resource/Yixing	http://dbpedia.org/resource/Jiangsu	
surnames	Xu	
birthNames	
givenNames	Beihong	
foaf_names	Beihong Xu	徐悲鴻	Xu Beihong	Xu, Beihong	
birthDates	1895-07-19	
dbp_names	
aliases	


http://en.wikipedia.org/wiki/Xu_Bing
birthPlaces	http://dbpedia.org/resource/China	http://dbpedia.org/resource/Chongqing	
surnames	Xu	
birthNames	
givenNames	Bing	
foaf_names	Xu Bing	Xu, Bing	Bing Xu	
birthDates	1955	
dbp_names	
aliases	


http://en.wikipedia.org/wiki/Xiao_Tao_Sheng
birthPlaces	
surnames	Xiao	
birthNames	
givenNames	Tao Sheng	
foaf_names	Xiao, Tao Sheng	Tao Sheng Xiao	
birthDates	1946	
dbp_names	
aliases	


http://en.wikipedia.org/wiki/Xavier_McDaniel
birthPlaces	http://dbpedia.org/resource/Columbia,_South_Carolina	
surnames	McDaniel	
birthNames	
givenNames	Xavier	
foaf_names	Xavier McDaniel	McDaniel, Xavier	
birthDates	1963-06-04	
dbp_names	
aliases	


http://en.wikipedia.org/wiki/Xi_Zezong
birthPlaces	http://dbpedia.org/resource/Yuanqu_County	
surnames	
birthNames	
givenNames	
foaf_names	
birthDates	1927-06-06	
dbp_names	
aliases	


http://en.wikipedia.org/wiki/Xavier_Rolet
birthPlaces	http://dbpedia.org/resource/Aix-les-Bains	http://dbpedia.org/resource/France	
surnames	Rolet	
birthNames	
givenNames	Xavier	
foaf_names	Xavier R. Rolet	Rolet, Xavier	Xavier Rolet	
birthDates	1959-11-12	
dbp_names	
aliases	


http://en.wikipedia.org/wiki/Xavier_Herbert
birthPlaces	http://dbpedia.org/resource/Geraldton	
surnames	Herbert	
birthNames	
givenNames	Xavier	
foaf_names	Herbert, Xavier	Xavier Herbert	
birthDates	1901-05-15	
dbp_names	
aliases	E. Norden, Alfred Jackson, Herbert Astor	


http://en.wikipedia.org/wiki/Xavier_Leroy
birthPlaces	
surnames	Leroy	
birthNames	
givenNames	Xavier	
foaf_names	Xavier Leroy	Leroy, Xavier	
birthDates	1968-03-15	
dbp_names	
aliases	


http://en.wikipedia.org/wiki/Xiahou_Dun
birthPlaces	
surnames	Xiahou	
birthNames	
givenNames	Dun	
foaf_names	Xiahou, Dun	Dun Xiahou	
birthDates	
dbp_names	
aliases	Yuanrang	


http://en.wikipedia.org/wiki/Xiao_Baojuan
birthPlaces	
surnames	Xiao	
birthNames	
givenNames	Baojuan	
foaf_names	Baojuan Xiao	Xiao, Baojuan	
birthDates	0483	
dbp_names	
aliases	


http://en.wikipedia.org/wiki/Xiao_Yu
birthPlaces	
surnames	
birthNames	
givenNames	
foaf_names	
birthDates	0574	
dbp_names	
aliases	Shiwen	


http://en.wikipedia.org/wiki/Xavier_Samuel
birthPlaces	http://dbpedia.org/resource/Australia	http://dbpedia.org/resource/Hamilton,_Victoria	
surnames	Samuel	
birthNames	
givenNames	Xavier	
foaf_names	Xavier Samuel	Samuel, Xavier	
birthDates	1983-12-10	
dbp_names	
aliases	


http://en.wikipedia.org/wiki/X._B._Saintine
birthPlaces	
surnames	Saintine	
birthNames	
givenNames	Xavier Boniface	
foaf_names	Xavier Boniface Saintine	Saintine, Xavier Boniface	
birthDates	1798-07-10	
dbp_names	
aliases	


http://en.wikipedia.org/wiki/Xianfeng_Emperor
birthPlaces	http://dbpedia.org/resource/Old_Summer_Palace	http://dbpedia.org/resource/Beijing	
surnames	
birthNames	
givenNames	
foaf_names	
birthDates	1831-07-17	
dbp_names	
aliases	


http://en.wikipedia.org/wiki/Xuxa
birthPlaces	http://dbpedia.org/resource/Santa_Rosa,_Rio_Grande_do_Sul	http://dbpedia.org/resource/Brazil	
surnames	
birthNames	Maria da Graça Xuxa Meneghel	
givenNames	
foaf_names	
birthDates	1963-03-27	
dbp_names	
aliases	Meneghel, Maria da Graça (birth name)	Rainha dos baixinhos	


http://en.wikipedia.org/wiki/Xiao_Qiang
birthPlaces	
surnames	Xiao	
birthNames	
givenNames	Qiang	
foaf_names	Qiang Xiao	Xiao, Qiang	
birthDates	
dbp_names	
aliases	


http://en.wikipedia.org/wiki/Xiahou_Yuan
birthPlaces	
surnames	Xiahou	
birthNames	
givenNames	Yuan	
foaf_names	Xiahou, Yuan	Yuan Xiahou	
birthDates	
dbp_names	
aliases	Miaocai	


http://en.wikipedia.org/wiki/Xorn
birthPlaces	
surnames	
birthNames	
givenNames	
foaf_names	
birthDates	
dbp_names	
aliases	


http://en.wikipedia.org/wiki/Xiao_Ji
birthPlaces	
surnames	
birthNames	
givenNames	
foaf_names	
birthDates	
dbp_names	
aliases	


http://en.wikipedia.org/wiki/Xiao_Dong
birthPlaces	
surnames	
birthNames	
givenNames	
foaf_names	
birthDates	
dbp_names	
aliases	


http://en.wikipedia.org/wiki/XBase
birthPlaces	
surnames	
birthNames	
givenNames	
foaf_names	
birthDates	
dbp_names	
aliases	


http://en.wikipedia.org/wiki/Xavier_Saelens
birthPlaces	
surnames	Saelens	
birthNames	
givenNames	Xavier	
foaf_names	Xavier Saelens	Saelens, Xavier	
birthDates	1965	
dbp_names	
aliases	


http://en.wikipedia.org/wiki/Xavier_Dolan
birthPlaces	http://dbpedia.org/resource/Quebec	http://dbpedia.org/resource/Canada	http://dbpedia.org/resource/Montreal	
surnames	Dolan	
birthNames	
givenNames	Xavier	
foaf_names	Dolan, Xavier	Xavier Dolan	
birthDates	1989-03-20	
dbp_names	
aliases	


http://en.wikipedia.org/wiki/Xavier_de_Maistre
birthPlaces	http://dbpedia.org/resource/Chamb%C3%A9ry	http://dbpedia.org/resource/Kingdom_of_Sardinia	http://dbpedia.org/resource/Chambéry	http://dbpedia.org/resource/Savoy	http://dbpedia.org/resource/France	
surnames	Maistre	
birthNames	
givenNames	Xavier de	
foaf_names	Xavier de Maistre	Maistre, Xavier de	
birthDates	1763-10-10	
dbp_names	
aliases	


http://en.wikipedia.org/wiki/Xul_Solar
birthPlaces	http://dbpedia.org/resource/San_Fernando,_Buenos_Aires	http://dbpedia.org/resource/Buenos_Aires_Province	
surnames	
birthNames	Oscar Agustín Alejandro Schulz Solari	
givenNames	
foaf_names	
birthDates	1887-12-14	
dbp_names	
aliases	


http://en.wikipedia.org/wiki/Xu_Shiyou
birthPlaces	
surnames	Xu	
birthNames	
givenNames	Shiyou	
foaf_names	Xu, Shiyou	Shiyou Xu	
birthDates	1906	
dbp_names	
aliases	


http://en.wikipedia.org/wiki/Xeni_Jardin
birthPlaces	http://dbpedia.org/resource/Richmond,_Virginia	
surnames	Jardin	
birthNames	
givenNames	Xeni	
foaf_names	Xeni Jardin	Jardin, Xeni	
birthDates	1972-08-05	1970-08-05	
dbp_names	
aliases	Xeniflóres Jardin Hamm	


http://en.wikipedia.org/wiki/Xavier_Gens
birthPlaces	http://dbpedia.org/resource/Dunkirk	
surnames	
birthNames	
givenNames	
foaf_names	
birthDates	1975-04-27	
dbp_names	
aliases	


http://en.wikipedia.org/wiki/Xu_Guangqi
birthPlaces	http://dbpedia.org/resource/Zhili	http://dbpedia.org/resource/Minhang_District	http://dbpedia.org/resource/Songjiang_Prefecture	http://dbpedia.org/resource/Ming_dynasty	
surnames	Xu	
birthNames	
givenNames	Guangqi	
foaf_names	Xu, Guangqi	徐光啟	Guangqi Xu	Xu Guangqi	
birthDates	1562-04-24	
dbp_names	
aliases	Paulo Xu(Baptismal Name)	Xu, Paul	


http://en.wikipedia.org/wiki/Xu_Zhimo
birthPlaces	http://dbpedia.org/resource/Haining	http://dbpedia.org/resource/Zhejiang	
surnames	Xu	
birthNames	
givenNames	Zhimo	
foaf_names	Zhimo Xu	Xu, Zhimo	
birthDates	1897-01-15	
dbp_names	
aliases	


http://en.wikipedia.org/wiki/Xu_Xiake
birthPlaces	http://dbpedia.org/resource/China	
surnames	Xiake	
birthNames	
givenNames	Xu	
foaf_names	Xiake, Xu	Xu Xiake	
birthDates	1587-01-05	
dbp_names	
aliases	Hongzu, Xu	


http://en.wikipedia.org/wiki/Xuedong_Huang
birthPlaces	http://dbpedia.org/resource/China	http://dbpedia.org/resource/Hunan	
surnames	Huang	
birthNames	
givenNames	Xuedong	
foaf_names	Xuedong Huang	Huang, Xuedong	
birthDates	1962-10-20	
dbp_names	
aliases	


http://en.wikipedia.org/wiki/Xue_Tao
birthPlaces	
surnames	Xue	
birthNames	
givenNames	Tao	
foaf_names	Tao Xue	Xue, Tao	
birthDates	0768	
dbp_names	
aliases	


http://en.wikipedia.org/wiki/Xavier_Henry
birthPlaces	http://dbpedia.org/resource/Ghent	http://dbpedia.org/resource/Belgium	
surnames	Henry	
birthNames	
givenNames	Xavier	
foaf_names	Xavier Henry	Henry, Xavier	
birthDates	1991-03-15	
dbp_names	
aliases	


http://en.wikipedia.org/wiki/Xavier_Niel
birthPlaces	http://dbpedia.org/resource/Créteil	http://dbpedia.org/resource/France	
surnames	Niel	
birthNames	Xavier Niel	
givenNames	Xavier	
foaf_names	Xavier Niel	Niel, Xavier	
birthDates	1967-08-25	
dbp_names	
aliases	


http://en.wikipedia.org/wiki/Xu_Shichang
birthPlaces	http://dbpedia.org/resource/Weihui	http://dbpedia.org/resource/Qing_dynasty	http://dbpedia.org/resource/China	http://dbpedia.org/resource/Henan	
surnames	Xu	
birthNames	
givenNames	Shichang	
foaf_names	Xu, Shichang	Xu Shichang	Shichang Xu	
birthDates	1855-10-20	
dbp_names	
aliases	


http://en.wikipedia.org/wiki/Xu_Fu
birthPlaces	
surnames	Xu	
birthNames	
givenNames	Fu	
foaf_names	Xu, Fu	Fu Xu	
birthDates	
dbp_names	
aliases	


http://en.wikipedia.org/wiki/Xue_Rengao
birthPlaces	
surnames	Xue	
birthNames	
givenNames	Rengao	
foaf_names	Rengao Xue	Xue, Rengao	
birthDates	
dbp_names	
aliases	


http://en.wikipedia.org/wiki/Xu_Shuzheng
birthPlaces	
surnames	Xu	
birthNames	
givenNames	Shuzheng	
foaf_names	Xu, Shuzheng	Shuzheng Xu	
birthDates	1880-11-11	
dbp_names	
aliases	


http://en.wikipedia.org/wiki/Xiaomingxiong
birthPlaces	
surnames	
birthNames	
givenNames	
foaf_names	
birthDates	1954	
dbp_names	
aliases	


http://en.wikipedia.org/wiki/Xavier_Roberts
birthPlaces	http://dbpedia.org/resource/Cleveland,_Georgia	
surnames	Roberts	
birthNames	
givenNames	Xavier	
foaf_names	Roberts, Xavier	Xavier Roberts	
birthDates	1955-10-31	
dbp_names	
aliases	


http://en.wikipedia.org/wiki/Xabi_Alonso
birthPlaces	http://dbpedia.org/resource/Tolosa,_Spain	http://dbpedia.org/resource/Spain_national_football_team	
surnames	Alonso	
birthNames	
givenNames	Xabi	
foaf_names	Alonso, Xabi	Xabi Alonso	Xabier Alonso Olano	
birthDates	1981-11-25	
dbp_names	
aliases	Alonso Olano, Xabier	


http://en.wikipedia.org/wiki/Xander_Berkeley
birthPlaces	http://dbpedia.org/resource/New_York_City	http://dbpedia.org/resource/Brooklyn	http://dbpedia.org/resource/New_York	
surnames	Berkeley	
birthNames	Alexander Harper Berkeley	
givenNames	Xander	
foaf_names	Berkeley, Xander	Xander Berkeley	
birthDates	1955-12-16	
dbp_names	
aliases	


http://en.wikipedia.org/wiki/Xavier_Briggs
birthPlaces	http://dbpedia.org/resource/Florida	http://dbpedia.org/resource/Miami	
surnames	Briggs	
birthNames	
givenNames	Xavier	
foaf_names	Xavier Briggs	Briggs, Xavier	Xavier de Souza Briggs	
birthDates	1968	
dbp_names	
aliases	


http://en.wikipedia.org/wiki/Xherdan_Shaqiri
birthPlaces	http://dbpedia.org/resource/Gjilan	http://dbpedia.org/resource/Socialist_Federal_Republic_of_Yugoslavia	
surnames	Shaqiri	
birthNames	
givenNames	Xherdan	
foaf_names	Xherdan Shaqiri	Shaqiri, Xherdan	
birthDates	1991-10-10	
dbp_names	
aliases	


http://en.wikipedia.org/wiki/Xavier_Bout_de_Marnhac
birthPlaces	
surnames	Marnhac	
birthNames	
givenNames	Xavier Bout De	
foaf_names	Marnhac, Xavier Bout De	Xavier Bout De Marnhac	
birthDates	1951-07-07	
dbp_names	
aliases	


http://en.wikipedia.org/wiki/Xavier_Trias
birthPlaces	http://dbpedia.org/resource/Catalonia	http://dbpedia.org/resource/Spain	http://dbpedia.org/resource/Barcelona	
surnames	Trias	
birthNames	
givenNames	Xavier	
foaf_names	Xavier Trias	Trias, Xavier	
birthDates	1946-08-05	1946	
dbp_names	
aliases	


http://en.wikipedia.org/wiki/Xia_Xiao_Wan
birthPlaces	
surnames	Xiaowan	
birthNames	
givenNames	Xia	
foaf_names	Xia Xiaowan	Xiaowan, Xia	
birthDates	1959	
dbp_names	
aliases	


http://en.wikipedia.org/wiki/Xeno_M%C3%BCller
birthPlaces	
surnames	Muller	
birthNames	
givenNames	Xeno	
foaf_names	Xeno Muller	
birthDates	1972-08-07	
dbp_names	
aliases	


http://en.wikipedia.org/wiki/Xu_Ming
birthPlaces	http://dbpedia.org/resource/Liaoning	http://dbpedia.org/resource/Dalian	
surnames	
birthNames	
givenNames	
foaf_names	
birthDates	1971	
dbp_names	
aliases	


http://en.wikipedia.org/wiki/Xavier_Rush
birthPlaces	http://dbpedia.org/resource/New_Zealand	http://dbpedia.org/resource/Auckland	
surnames	Rush	
birthNames	
givenNames	Xavier	
foaf_names	Xavier Rush	Rush, Xavier	
birthDates	1977-07-13	
dbp_names	
aliases	


http://en.wikipedia.org/wiki/Xavier_Malisse
birthPlaces	http://dbpedia.org/resource/Kortrijk	http://dbpedia.org/resource/Belgium	
surnames	Malisse	
birthNames	
givenNames	Xavier	
foaf_names	Xavier Malisse	Malisse, Xavier	
birthDates	1980-07-19	
dbp_names	
aliases	


http://en.wikipedia.org/wiki/Xaviera_Hollander
birthPlaces	http://dbpedia.org/resource/Surabaya	
surnames	Hollander	
birthNames	Vera de Vries	
givenNames	Xaviera	
foaf_names	Xaviera Hollander	Hollander, Xaviera	
birthDates	1943-06-15	
dbp_names	
aliases	


http://en.wikipedia.org/wiki/Xellos
birthPlaces	
surnames	
birthNames	
givenNames	
foaf_names	
birthDates	
dbp_names	
aliases	


http://en.wikipedia.org/wiki/Xhevat_Prekazi
birthPlaces	http://dbpedia.org/resource/Mitrovica,_Kosovo	
surnames	Prekazi	
birthNames	
givenNames	Xhevat	
foaf_names	Xhevat Prekazi	Prekazi, Xhevat	Dževad Prekazi	
birthDates	1957-08-18	
dbp_names	
aliases	Prekazi, Dževad or Prekazi, Cevad	


http://en.wikipedia.org/wiki/Xero_(comics)
birthPlaces	
surnames	
birthNames	
givenNames	
foaf_names	
birthDates	
dbp_names	
aliases	


http://en.wikipedia.org/wiki/Xiao_Jiang
birthPlaces	
surnames	Xiao	
birthNames	
givenNames	Jiang	
foaf_names	Jiang Xiao	Xiao, Jiang	
birthDates	1972	
dbp_names	
aliases	


http://en.wikipedia.org/wiki/Xavier_Barrau
birthPlaces	http://dbpedia.org/resource/Lyon	
surnames	Barrau	
birthNames	
givenNames	Xavier	
foaf_names	Barrau, Xavier	Xavier Barrau	
birthDates	1982-09-26	
dbp_names	
aliases	


http://en.wikipedia.org/wiki/Xavier_Marshall
birthPlaces	http://dbpedia.org/resource/Saint_Ann_Parish	
surnames	Marshall	
birthNames	
givenNames	Xavier	
foaf_names	Xavier Melbourne Marshall	Xavier Marshall	Marshall, Xavier	
birthDates	1986-03-27	
dbp_names	
aliases	


http://en.wikipedia.org/wiki/Xiang_Jun
birthPlaces	http://dbpedia.org/resource/Hubei	http://dbpedia.org/resource/Wuhan	http://dbpedia.org/resource/China	
surnames	Xiang	
birthNames	
givenNames	Jun	
foaf_names	Jun Xiang	Xiang, Jun	Xiang Jun	
birthDates	1983-10-20	
dbp_names	
aliases	


http://en.wikipedia.org/wiki/Xyriel_Manabat
birthPlaces	
surnames	Manabat	
birthNames	Xyriel Anne Bustamante Manabat	
givenNames	Xyriel Anne Bustamante	
foaf_names	Xyriel Manabat	Manabat, Xyriel Anne Bustamante	Xyriel Anne Bustamante Manabat	
birthDates	2004-06-24	2004-01-27	
dbp_names	
aliases	Xyxy	Xyriel Manabat	


http://en.wikipedia.org/wiki/Xavier_Tondo
birthPlaces	http://dbpedia.org/resource/Valls	http://dbpedia.org/resource/Spain	
surnames	Tondo Volpini	
birthNames	
givenNames	Xavier	
foaf_names	Xavier Tondo	Xavier Tondo Volpini	Tondo Volpini, Xavier	
birthDates	1978-11-05	
dbp_names	
aliases	Xavier Tondo	


http://en.wikipedia.org/wiki/Xie_Zhenhua
birthPlaces	
surnames	Xie	
birthNames	
givenNames	Zhenhua	
foaf_names	Xie, Zhenhua	Zhenhua Xie	
birthDates	1949	
dbp_names	
aliases	


http://en.wikipedia.org/wiki/Xu_Xing_(paleontologist)
birthPlaces	
surnames	Xu	
birthNames	
givenNames	Xing	
foaf_names	Xu, Xing	Xing Xu	
birthDates	1969	
dbp_names	
aliases	


http://en.wikipedia.org/wiki/Xue_Rengui
birthPlaces	
surnames	Xue	
birthNames	
givenNames	Rengui	
foaf_names	Rengui Xue	Xue, Rengui	
birthDates	0614	
dbp_names	
aliases	


http://en.wikipedia.org/wiki/Xpressway
birthPlaces	
surnames	
birthNames	
givenNames	
foaf_names	
birthDates	
dbp_names	
aliases	


http://en.wikipedia.org/wiki/Xavier_Becerra
birthPlaces	http://dbpedia.org/resource/United_States	http://dbpedia.org/resource/California	http://dbpedia.org/resource/Sacramento,_California	
surnames	Becerra	
birthNames	
givenNames	Xavier	
foaf_names	Becerra, Xavier	Xavier Becerra	
birthDates	1958-01-26	
dbp_names	
aliases	


http://en.wikipedia.org/wiki/Xavier_Lee
birthPlaces	http://dbpedia.org/resource/Florida_Gators_football	
surnames	Lee	
birthNames	
givenNames	Xavier	
foaf_names	Lee, Xavier	Xavier Lee	
birthDates	1986-01-09	
dbp_names	
aliases	


http://en.wikipedia.org/wiki/Xanthe_Elbrick
birthPlaces	
surnames	Elbrick	
birthNames	Xanthe Eleanora Marie Davina Elbrick	
givenNames	Xanthe	
foaf_names	Xanthe Elbrick	Elbrick, Xanthe	
birthDates	1978-12-01	
dbp_names	
aliases	


http://en.wikipedia.org/wiki/Xiaoshenyang
birthPlaces	http://dbpedia.org/resource/China	http://dbpedia.org/resource/Kaiyuan,_Liaoning	
surnames	
birthNames	
givenNames	
foaf_names	
birthDates	1981-05-07	
dbp_names	
aliases	Shen He	阳仔,阳,小损样	


http://en.wikipedia.org/wiki/Ximena_Sari%C3%B1ana
birthPlaces	http://dbpedia.org/resource/Mexico	http://dbpedia.org/resource/Guadalajara	
surnames	Sariñana	
birthNames	
givenNames	Ximena	
foaf_names	Ximena Sariñana	
birthDates	1985-10-29	
dbp_names	
aliases	


http://en.wikipedia.org/wiki/Xu_Huang
birthPlaces	
surnames	Xu	
birthNames	
givenNames	Huang	
foaf_names	Huang Xu	Xu, Huang	
birthDates	
dbp_names	
aliases	Gongming	


http://en.wikipedia.org/wiki/Xavier_Sala-i-Martin
birthPlaces	http://dbpedia.org/resource/Catalonia	http://dbpedia.org/resource/Spain	http://dbpedia.org/resource/Cabrera_de_Mar	
surnames	Sala-i-Martin	
birthNames	
givenNames	Xavier	
foaf_names	Xavier Sala i Martín	Sala-i-Martin, Xavier	Xavier Sala-i-Martin	
birthDates	1962-06-17	
dbp_names	
aliases	


http://en.wikipedia.org/wiki/XV_(rapper)
birthPlaces	http://dbpedia.org/resource/Wichita,_Kansas	
surnames	
birthNames	
givenNames	
foaf_names	
birthDates	1985-07-09	
dbp_names	
aliases	


http://en.wikipedia.org/wiki/Xian_Zhang
birthPlaces	
surnames	Zhang	
birthNames	
givenNames	Xian	
foaf_names	Xian Zhang	Zhang, Xian	
birthDates	1973	
dbp_names	
aliases	


http://en.wikipedia.org/wiki/Xenocrates
birthPlaces	http://dbpedia.org/resource/Chalcedon	
surnames	
birthNames	
givenNames	
foaf_names	
birthDates	-396	
dbp_names	
aliases	


http://en.wikipedia.org/wiki/Xu_Genbao
birthPlaces	http://dbpedia.org/resource/Shanghai	http://dbpedia.org/resource/Taiwan	
surnames	Xu	
birthNames	
givenNames	Genbao	
foaf_names	Xu, Genbao	Genbao Xu	Xu Genbao	
birthDates	1944-01-16	
dbp_names	
aliases	


http://en.wikipedia.org/wiki/Xavier_Silas
birthPlaces	http://dbpedia.org/resource/San_Antonio	
surnames	Silas	
birthNames	
givenNames	Xavier	
foaf_names	Xavier Silas	Silas, Xavier	
birthDates	1988-01-22	
dbp_names	
aliases	


