http://en.wikipedia.org/wiki/Queen_Latifah
birthPlaces	http://dbpedia.org/resource/Newark,_New_Jersey	http://dbpedia.org/resource/New_Jersey	
surnames	
birthNames	Dana Elaine Owens	
givenNames	
foaf_names	
birthDates	1970-03-18	
dbp_names	
aliases	Dana Elaine Owens	


http://en.wikipedia.org/wiki/Queen_of_Hearts_(Alice's_Adventures_in_Wonderland)
birthPlaces	
surnames	
birthNames	
givenNames	
foaf_names	
birthDates	
dbp_names	
aliases	


http://en.wikipedia.org/wiki/Quincy_Jones
birthPlaces	http://dbpedia.org/resource/Chicago	
surnames	Jones	
birthNames	
givenNames	Quincy	Quincy Delight Jones, Jr.	
foaf_names	Quincy Jones	Jones, Quincy	
birthDates	1933-03-14	
dbp_names	
aliases	Jones, Quincy Delight, Jr. music	


http://en.wikipedia.org/wiki/Quentin_Tarantino
birthPlaces	http://dbpedia.org/resource/Knoxville,_Tennessee	
surnames	Tarantino	
birthNames	Quentin Jerome Tarantino	
givenNames	Quentin	
foaf_names	Quentin Tarantino	Tarantino, Quentin	
birthDates	1963-03-27	
dbp_names	
aliases	Tarantino, Quentin Jerome	


http://en.wikipedia.org/wiki/Queen_(Snow_White)
birthPlaces	
surnames	
birthNames	
givenNames	
foaf_names	
birthDates	
dbp_names	
aliases	


http://en.wikipedia.org/wiki/Questlove
birthPlaces	http://dbpedia.org/resource/Philadelphia	
surnames	Thompson	
birthNames	
givenNames	Ahmir Khalib	Ahmir Khalib Thompson	
foaf_names	Thompson, Ahmir Khalib	Questlove	Ahmir Khalib Thompson	
birthDates	1971-01-20	
dbp_names	
aliases	Questlove	


http://en.wikipedia.org/wiki/Qasim_Amin
birthPlaces	
surnames	Amin	
birthNames	
givenNames	Qasim	
foaf_names	Amin, Qasim	Qasim Amin	
birthDates	1863-12-01	
dbp_names	
aliases	


http://en.wikipedia.org/wiki/Queen_Sof%C3%ADa_of_Spain
birthPlaces	http://dbpedia.org/resource/Kingdom_of_Greece	http://dbpedia.org/resource/Athens	
surnames	Sofia of Spain	
birthNames	
givenNames	Queen	
foaf_names	Queen Sofia of Spain	
birthDates	1938-11-02	
dbp_names	
aliases	


http://en.wikipedia.org/wiki/Queen_Sonja_of_Norway
birthPlaces	http://dbpedia.org/resource/Oslo	http://dbpedia.org/resource/Norway	
surnames	Sonja Of Norway	
birthNames	
givenNames	Queen	
foaf_names	Sonja Of Norway, Queen	Sonja	Queen Sonja Of Norway	
birthDates	1937-07-04	
dbp_names	
aliases	


http://en.wikipedia.org/wiki/Queen_Victoria
birthPlaces	http://dbpedia.org/resource/Kensington_Palace	
surnames	
birthNames	
givenNames	
foaf_names	
birthDates	1819-05-24	
dbp_names	
aliases	Alexandrina Victoria	


http://en.wikipedia.org/wiki/Qu_Yuan
birthPlaces	http://dbpedia.org/resource/Hubei	http://dbpedia.org/resource/China	http://dbpedia.org/resource/Chu_(state)	
surnames	Qu	
birthNames	
givenNames	Yuan	
foaf_names	Qu, Yuan	Yuan Qu	Qu Yuan	
birthDates	-343	
dbp_names	
aliases	


http://en.wikipedia.org/wiki/Queen_Elizabeth_The_Queen_Mother
birthPlaces	http://dbpedia.org/resource/London	http://dbpedia.org/resource/Hitchin	
surnames	Bowes-Lyon	
birthNames	
givenNames	Elizabeth	
foaf_names	Bowes-Lyon, Elizabeth	Elizabeth Angela Marguerite Bowes-Lyon	Elizabeth Bowes-Lyon	
birthDates	1900-08-04	
dbp_names	
aliases	Queen Elizabeth The Queen Mother	


http://en.wikipedia.org/wiki/Quasimodo
birthPlaces	
surnames	
birthNames	
givenNames	
foaf_names	
birthDates	
dbp_names	
aliases	


http://en.wikipedia.org/wiki/Quentin_Meillassoux
birthPlaces	http://dbpedia.org/resource/Paris	http://dbpedia.org/resource/France	
surnames	Meillassoux	
birthNames	
givenNames	Quentin	
foaf_names	Meillassoux, Quentin	Quentin Meillassoux	
birthDates	1967	
dbp_names	
aliases	


http://en.wikipedia.org/wiki/Qusay_Hussein
birthPlaces	http://dbpedia.org/resource/Baghdad	http://dbpedia.org/resource/Iraq	
surnames	Hussein	
birthNames	
givenNames	Qusay	
foaf_names	Hussein, Qusay	Qusay Hussein	
birthDates	1966-05-17	
dbp_names	
aliases	


http://en.wikipedia.org/wiki/Quicksilver_(comics)
birthPlaces	
surnames	
birthNames	
givenNames	
foaf_names	
birthDates	
dbp_names	
aliases	


http://en.wikipedia.org/wiki/Quino
birthPlaces	http://dbpedia.org/resource/Guaymallén_Department	http://dbpedia.org/resource/Argentina	http://dbpedia.org/resource/Guaymall%C3%A9n_Department	
surnames	
birthNames	
givenNames	
foaf_names	
birthDates	1932-07-17	
dbp_names	
aliases	


http://en.wikipedia.org/wiki/Qazi_Anwar_Hussain
birthPlaces	http://dbpedia.org/resource/Dhaka	
surnames	Hussain	
birthNames	
givenNames	Qazi Anwar	
foaf_names	Qazi Anwar Hussain	Qazi Anwar Husain	Hussain, Qazi Anwar	
birthDates	1936-07-19	
dbp_names	
aliases	


http://en.wikipedia.org/wiki/Qutb_al-Din_al-Shirazi
birthPlaces	http://dbpedia.org/resource/Kazerun	
surnames	
birthNames	
givenNames	
foaf_names	
birthDates	1236	
dbp_names	
aliases	


http://en.wikipedia.org/wiki/Quinton_Aaron
birthPlaces	http://dbpedia.org/resource/The_Bronx	
surnames	Aaron	
birthNames	
givenNames	Quinton	
foaf_names	Aaron, Quinton	Quinton Aaron	
birthDates	1984-08-15	
dbp_names	
aliases	


http://en.wikipedia.org/wiki/Qutuz
birthPlaces	
surnames	
birthNames	
givenNames	
foaf_names	
birthDates	
dbp_names	
aliases	


http://en.wikipedia.org/wiki/Qusta_ibn_Luqa
birthPlaces	
surnames	
birthNames	
givenNames	
foaf_names	
birthDates	0820	
dbp_names	
aliases	


http://en.wikipedia.org/wiki/Q_Lazzarus
birthPlaces	
surnames	Lazzarus	
birthNames	
givenNames	Q	
foaf_names	Q Lazzarus	Lazzarus, Q	
birthDates	1965	
dbp_names	
aliases	


http://en.wikipedia.org/wiki/Quintus_Petillius_Cerialis
birthPlaces	
surnames	Petillius Cerialis	
birthNames	
givenNames	Quintus	
foaf_names	Petillius Cerialis, Quintus	Quintus Petillius Cerialis	
birthDates	
dbp_names	
aliases	


http://en.wikipedia.org/wiki/Qaed_Salim_Sinan_al-Harethi
birthPlaces	
surnames	Al-Harithi	
birthNames	
givenNames	Abu Ali	
foaf_names	Abu Ali Al-Harithi	Al-Harithi, Abu Ali	
birthDates	
dbp_names	
aliases	


http://en.wikipedia.org/wiki/Quentin_Bryce
birthPlaces	http://dbpedia.org/resource/Brisbane	http://dbpedia.org/resource/Queensland	
surnames	Bryce	
birthNames	
givenNames	Quentin	
foaf_names	Quentin Bryce	Bryce, Quentin	
birthDates	1942-12-23	
dbp_names	
aliases	Strachan, Quentin Alice Louise	


http://en.wikipedia.org/wiki/Qi_Baishi
birthPlaces	http://dbpedia.org/resource/Xiangtan	http://dbpedia.org/resource/Hunan	
surnames	Qi	
birthNames	
givenNames	Baishi	
foaf_names	Baishi Qi	Qi, Baishi	Qi Baishi	
birthDates	1864-01-01	
dbp_names	
aliases	


http://en.wikipedia.org/wiki/Quentin_Crisp
birthPlaces	http://dbpedia.org/resource/Surrey	http://dbpedia.org/resource/Sutton,_London	
surnames	Pratt	
birthNames	Denis Charles Pratt	
givenNames	Denis Charles	
foaf_names	Quentin Crisp	Pratt, Denis Charles	Denis Charles Pratt	
birthDates	1908-12-25	
dbp_names	
aliases	Crisp, Quentin	


http://en.wikipedia.org/wiki/Quentin_Letts
birthPlaces	
surnames	Letts	
birthNames	
givenNames	Quentin	
foaf_names	Letts, Quentin	Quentin Letts	
birthDates	1963-02-06	
dbp_names	
aliases	


http://en.wikipedia.org/wiki/Quinn_Fabray
birthPlaces	
surnames	
birthNames	
givenNames	
foaf_names	
birthDates	
dbp_names	
aliases	


http://en.wikipedia.org/wiki/Queen_Silvia_of_Sweden
birthPlaces	http://dbpedia.org/resource/Free_People's_State_of_W%C3%BCrttemberg	http://dbpedia.org/resource/Nazi_Germany	http://dbpedia.org/resource/Heidelberg	http://dbpedia.org/resource/Free_People's_State_of_Württemberg	
surnames	
birthNames	
givenNames	
foaf_names	
birthDates	1943-12-23	
dbp_names	
aliases	


http://en.wikipedia.org/wiki/Quinton_Flynn
birthPlaces	http://dbpedia.org/resource/Cleveland	
surnames	Flynn	
birthNames	Quinton Joseph Flynn	
givenNames	Quinton	
foaf_names	Quinton Flynn	Flynn, Quinton	
birthDates	1964-10-10	
dbp_names	
aliases	Q, QT, Q-Man, Flynn	


http://en.wikipedia.org/wiki/Queen_Noor_of_Jordan
birthPlaces	http://dbpedia.org/resource/United_States	http://dbpedia.org/resource/Washington,_D.C.	
surnames	Noor of Jordan	
birthNames	
givenNames	Queen	
foaf_names	Noor of Jordan, Queen	Queen Noor of Jordan	Elizabeth Najeeb Halaby	
birthDates	1951-08-23	
dbp_names	
aliases	Halaby, Lisa Najeeb	


http://en.wikipedia.org/wiki/Quamzin_Kravshera
birthPlaces	
surnames	
birthNames	
givenNames	
foaf_names	
birthDates	
dbp_names	
aliases	


http://en.wikipedia.org/wiki/Queen_Rania_of_Jordan
birthPlaces	http://dbpedia.org/resource/Kuwait	http://dbpedia.org/resource/Kuwait_City	
surnames	Rania Of Jordan	
birthNames	
givenNames	Queen	
foaf_names	Rania Of Jordan, Queen	Rania Al Abdullah	Queen Rania Of Jordan	Rania al-Abdullah	
birthDates	1970-08-31	
dbp_names	
aliases	


http://en.wikipedia.org/wiki/Quentin_Cooper
birthPlaces	http://dbpedia.org/resource/Grimsby	
surnames	Cooper	
birthNames	
givenNames	Quentin	
foaf_names	Quentin Cooper	Cooper, Quentin	
birthDates	1961	
dbp_names	
aliases	


http://en.wikipedia.org/wiki/Quirino_Paulino
birthPlaces	
surnames	Paulino	
birthNames	
givenNames	Quirino	
foaf_names	Quirino Paulino	Paulino, Quirino	
birthDates	1960-09-08	
dbp_names	
aliases	


http://en.wikipedia.org/wiki/Queen_Seondeok_of_Silla
birthPlaces	
surnames	
birthNames	
givenNames	
foaf_names	
birthDates	
dbp_names	
aliases	


http://en.wikipedia.org/wiki/Quinn_Cummings
birthPlaces	http://dbpedia.org/resource/United_States	http://dbpedia.org/resource/California	http://dbpedia.org/resource/Los_Angeles	
surnames	Cummings	
birthNames	
givenNames	Quinn	
foaf_names	Quinn Cummings	Cummings, Quinn	
birthDates	1967-08-13	
dbp_names	
aliases	


http://en.wikipedia.org/wiki/Quindon_Tarver
birthPlaces	
surnames	Tarver	
birthNames	
givenNames	Quinton	
foaf_names	Quinton Tarver	Tarver, Quinton	
birthDates	1983-08-04	1982-08-04	
dbp_names	
aliases	


http://en.wikipedia.org/wiki/Quinn_Norton
birthPlaces	
surnames	Norton	
birthNames	
givenNames	Quinn	
foaf_names	Norton, Quinn	Quinn Norton	
birthDates	1973	
dbp_names	
aliases	


http://en.wikipedia.org/wiki/Queenie_Watts
birthPlaces	http://dbpedia.org/resource/United_Kingdom	http://dbpedia.org/resource/London	http://dbpedia.org/resource/England	
surnames	Watts	
birthNames	
givenNames	Queenie	
foaf_names	Queenie Watts	Watts, Queenie	
birthDates	1926-07-21	
dbp_names	
aliases	


http://en.wikipedia.org/wiki/Qaboos_bin_Said_al_Said
birthPlaces	http://dbpedia.org/resource/Salalah	http://dbpedia.org/resource/Oman	
surnames	
birthNames	
givenNames	
foaf_names	
birthDates	1940-11-18	
dbp_names	
aliases	


http://en.wikipedia.org/wiki/Qiao_Shi
birthPlaces	
surnames	Qiao	
birthNames	
givenNames	Shi	
foaf_names	Shi Qiao	Qiao Shi	Qiao, Shi	
birthDates	1924	
dbp_names	
aliases	


http://en.wikipedia.org/wiki/Quinlan_Terry
birthPlaces	
surnames	Terry	
birthNames	
givenNames	Quinlan	
foaf_names	Terry, Quinlan	Quinlan Terry	
birthDates	1937-07-24	
dbp_names	
aliases	


http://en.wikipedia.org/wiki/Qu_Leilei
birthPlaces	
surnames	Qu	
birthNames	
givenNames	Lei Lei	
foaf_names	Lei Lei Qu	Qu, Lei Lei	
birthDates	1951	
dbp_names	
aliases	


http://en.wikipedia.org/wiki/Qian_Yunhui
birthPlaces	http://dbpedia.org/resource/Wenzhou	http://dbpedia.org/resource/China	http://dbpedia.org/resource/Yueqing	http://dbpedia.org/resource/Zhejiang	
surnames	
birthNames	
givenNames	
foaf_names	
birthDates	1957	
dbp_names	
aliases	


http://en.wikipedia.org/wiki/Queen_Kapiolani
birthPlaces	http://dbpedia.org/resource/Hawaii_(island)	http://dbpedia.org/resource/Hilo,_Hawaii	
surnames	Kapiolani	
birthNames	
givenNames	Queen	
foaf_names	Kapiʻolani Napelakapuokakaʻe	Queen Kapiolani	Kapiolani, Queen	Kapiʻolani	
birthDates	1834-12-31	
dbp_names	
aliases	Julia Kapiolani	


http://en.wikipedia.org/wiki/Qamili_i_Vog%C3%ABl
birthPlaces	http://dbpedia.org/resource/Gjakova	
surnames	
birthNames	
givenNames	
foaf_names	
birthDates	1923	
dbp_names	
aliases	


http://en.wikipedia.org/wiki/Qianlong_Emperor
birthPlaces	
surnames	
birthNames	
givenNames	
foaf_names	
birthDates	1711-09-25	
dbp_names	
aliases	Hongli	


http://en.wikipedia.org/wiki/Quintus_Caecilius_Metellus_Pius
birthPlaces	
surnames	Caecilius Metellus Pius	
birthNames	
givenNames	Quintus	
foaf_names	Quintus Caecilius Metellus Pius	Caecilius Metellus Pius, Quintus	
birthDates	-127	
dbp_names	
aliases	


http://en.wikipedia.org/wiki/Quick_Draw_McGraw
birthPlaces	
surnames	
birthNames	
givenNames	
foaf_names	
birthDates	
dbp_names	
aliases	[[#El KaBong	


http://en.wikipedia.org/wiki/Quintus_Fabius_Maximus
birthPlaces	
surnames	
birthNames	
givenNames	
foaf_names	
birthDates	
dbp_names	
aliases	


http://en.wikipedia.org/wiki/Quanell_X
birthPlaces	http://dbpedia.org/resource/California	http://dbpedia.org/resource/Los_Angeles	
surnames	X	
birthNames	Quanell Ralph Evans	
givenNames	Quanell	
foaf_names	X, Quanell	Quanell X	
birthDates	1970-12-07	
dbp_names	
aliases	Evans, Quanell Ralph	


http://en.wikipedia.org/wiki/Quintin_Mikell
birthPlaces	http://dbpedia.org/resource/New_Orleans	
surnames	Mikell	
birthNames	
givenNames	Quintin	
foaf_names	Quintin Mikell	Mikell, Quintin	
birthDates	1980-09-16	
dbp_names	
aliases	Mikell, Quintin Perry; Mikell, Quintin P.	


http://en.wikipedia.org/wiki/Quintus_Lutatius_Catulus_(Capitolinus)
birthPlaces	
surnames	Lutatius Catulus Capitolinus	
birthNames	
givenNames	Quintus	
foaf_names	Quintus Lutatius Catulus Capitolinus	Lutatius Catulus Capitolinus, Quintus	
birthDates	
dbp_names	
aliases	


http://en.wikipedia.org/wiki/Quintilian
birthPlaces	
surnames	
birthNames	
givenNames	
foaf_names	
birthDates	0035	
dbp_names	
aliases	


http://en.wikipedia.org/wiki/Qaitbay
birthPlaces	
surnames	
birthNames	
givenNames	
foaf_names	
birthDates	1416	
dbp_names	
aliases	


http://en.wikipedia.org/wiki/Quanah_Parker
birthPlaces	
surnames	Parker	
birthNames	
givenNames	Quanah	
foaf_names	Quanah Parker	Parker, Quanah	
birthDates	1845	
dbp_names	
aliases	


http://en.wikipedia.org/wiki/Quintus_Hortensius
birthPlaces	
surnames	Hortensius	
birthNames	
givenNames	Quintus	
foaf_names	Hortensius, Quintus	Quintus Hortensius	
birthDates	-114	
dbp_names	
aliases	


http://en.wikipedia.org/wiki/Quavas_Kirk
birthPlaces	http://dbpedia.org/resource/Aurora,_Illinois	
surnames	Kirk	
birthNames	
givenNames	Quavas	
foaf_names	Kirk, Quavas	Quavas Kirk	
birthDates	1988-04-13	
dbp_names	
aliases	


http://en.wikipedia.org/wiki/Quincey_Morris
birthPlaces	
surnames	
birthNames	
givenNames	
foaf_names	
birthDates	
dbp_names	
aliases	


http://en.wikipedia.org/wiki/Qurratulain_Hyder
birthPlaces	http://dbpedia.org/resource/Uttar_Pradesh	http://dbpedia.org/resource/Aligarh,_Uttar_Pradesh	http://dbpedia.org/resource/India	
surnames	Hyder	
birthNames	
givenNames	Qurratulain	
foaf_names	Qurratulain Hyder	Hyder, Qurratulain	
birthDates	1928-01-20	
dbp_names	
aliases	


http://en.wikipedia.org/wiki/Quintin_Hogg,_Baron_Hailsham_of_St_Marylebone
birthPlaces	http://dbpedia.org/resource/United_Kingdom	http://dbpedia.org/resource/London	
surnames	
birthNames	
givenNames	
foaf_names	
birthDates	1907-10-09	
dbp_names	
aliases	2nd Viscount Hailsham	


http://en.wikipedia.org/wiki/Qiu_Shihua
birthPlaces	http://dbpedia.org/resource/China	http://dbpedia.org/resource/Sichuan	http://dbpedia.org/resource/Zizhong_County	
surnames	Qiu	
birthNames	
givenNames	Shihua	
foaf_names	Qiu, Shihua	Shihua Qiu	Qiu Shihua	
birthDates	1940	
dbp_names	
aliases	


http://en.wikipedia.org/wiki/Quentin_Reynolds
birthPlaces	http://dbpedia.org/resource/United_States	http://dbpedia.org/resource/New_York_City	http://dbpedia.org/resource/New_York	
surnames	Reynolds	
birthNames	Quentin James Reynolds	
givenNames	Quentin James	
foaf_names	Reynolds, Quentin James	Quentin Reynolds	Quentin James Reynolds	
birthDates	1902-04-11	
dbp_names	
aliases	


http://en.wikipedia.org/wiki/Quentin_Blake
birthPlaces	http://dbpedia.org/resource/Kent	http://dbpedia.org/resource/Sidcup	
surnames	Blake	
birthNames	Quentin Saxby Blake	
givenNames	Quentin	
foaf_names	Sir Quentin Blake	Quentin Blake	Blake, Quentin	
birthDates	1932-12-16	
dbp_names	
aliases	


http://en.wikipedia.org/wiki/Quayum_Karzai
birthPlaces	http://dbpedia.org/resource/Kingdom_of_Afghanistan	http://dbpedia.org/resource/Kandahar	
surnames	Karzai	
birthNames	
givenNames	Qayum	
foaf_names	Qayum Karzai	Karzai, Qayum	Abdul Qayyum Karzai	
birthDates	1957	
dbp_names	
aliases	


http://en.wikipedia.org/wiki/Quorthon
birthPlaces	http://dbpedia.org/resource/Stockholm	http://dbpedia.org/resource/Sweden	
surnames	
birthNames	
givenNames	
foaf_names	
birthDates	1966-02-17	
dbp_names	
aliases	Ace Shot, Black Spade	


http://en.wikipedia.org/wiki/Qian_Xuan
birthPlaces	
surnames	Qian	
birthNames	
givenNames	Xuan	
foaf_names	Xuan Qian	Qian, Xuan	Qián Xuǎn	
birthDates	1235	
dbp_names	
aliases	


http://en.wikipedia.org/wiki/Queequeg
birthPlaces	
surnames	
birthNames	
givenNames	
foaf_names	
birthDates	
dbp_names	
aliases	


http://en.wikipedia.org/wiki/Quinn_Allman
birthPlaces	http://dbpedia.org/resource/Orem,_Utah	
surnames	Allman	
birthNames	
givenNames	Quinn	Quinn Allman	
foaf_names	Allman, Quinn	Quinn Allman	
birthDates	1982-01-18	
dbp_names	
aliases	


http://en.wikipedia.org/wiki/Quentin_Willson
birthPlaces	http://dbpedia.org/resource/Leicester	http://dbpedia.org/resource/Lyng,_Norfolk	http://dbpedia.org/resource/England	
surnames	Willson	
birthNames	
givenNames	Quentin	
foaf_names	Willson, Quentin	Quentin Willson	
birthDates	1957-07-23	
dbp_names	
aliases	


http://en.wikipedia.org/wiki/Quinton_Jackson
birthPlaces	http://dbpedia.org/resource/United_States	http://dbpedia.org/resource/Memphis,_Tennessee	
surnames	Jackson	
birthNames	
givenNames	Quinton	
foaf_names	Rampage	Jackson, Quinton	Quinton Jackson	
birthDates	1978-06-20	
dbp_names	
aliases	


http://en.wikipedia.org/wiki/Qi_Jiguang
birthPlaces	http://dbpedia.org/resource/China	http://dbpedia.org/resource/Luqiao_District	http://dbpedia.org/resource/Shandong	
surnames	Qi	
birthNames	
givenNames	Jiguang	
foaf_names	Qi, Jiguang	Jiguang Qi	
birthDates	1527-11-12	1528-11-12	
dbp_names	
aliases	


http://en.wikipedia.org/wiki/Qyntel_Woods
birthPlaces	http://dbpedia.org/resource/Memphis,_Tennessee	
surnames	Woods	
birthNames	
givenNames	Qyntel	
foaf_names	Woods, Qyntel	Qyntel Woods	
birthDates	1981-02-16	
dbp_names	
aliases	


http://en.wikipedia.org/wiki/Quinton_Coples
birthPlaces	http://dbpedia.org/resource/North_Carolina_Tar_Heels_football	http://dbpedia.org/resource/Kinston,_North_Carolina	
surnames	Coples	
birthNames	
givenNames	Quinton	
foaf_names	Coples, Quinton	Quinton Coples	
birthDates	1990-06-22	
dbp_names	
aliases	


http://en.wikipedia.org/wiki/Quincy_Owusu-Abeyie
birthPlaces	http://dbpedia.org/resource/Netherlands	http://dbpedia.org/resource/Amsterdam	
surnames	Owusu-Abeyie	
birthNames	
givenNames	Quincy	
foaf_names	Quincy	Quincy Owusu-Abeyie	Quincy James Owusu-Abeyie	Owusu-Abeyie, Quincy	
birthDates	1986-04-15	
dbp_names	
aliases	


http://en.wikipedia.org/wiki/Q'orianka_Kilcher
birthPlaces	http://dbpedia.org/resource/Schweigmatt	
surnames	Kilcher	
birthNames	Q'orianka Waira Qoiana Kilcher	
givenNames	Qorianka	
foaf_names	Q'orianka Kilcher	Qorianka Kilcher	Kilcher, Qorianka	
birthDates	1990-02-11	
dbp_names	
aliases	


http://en.wikipedia.org/wiki/Quentin_Richardson
birthPlaces	http://dbpedia.org/resource/Illinois	http://dbpedia.org/resource/Chicago	
surnames	Richardson	
birthNames	
givenNames	Quentin	
foaf_names	Quentin Richardson	Richardson, Quentin	
birthDates	1980-04-13	
dbp_names	
aliases	


http://en.wikipedia.org/wiki/Qutbuddin_Bakhtiar_Kaki
birthPlaces	http://dbpedia.org/resource/Osh	
surnames	
birthNames	
givenNames	
foaf_names	
birthDates	1173	
dbp_names	
aliases	


http://en.wikipedia.org/wiki/Quintus_Smyrnaeus
birthPlaces	
surnames	
birthNames	
givenNames	
foaf_names	
birthDates	
dbp_names	
aliases	


http://en.wikipedia.org/wiki/Quentin_Skinner
birthPlaces	
surnames	Skinner	
birthNames	
givenNames	Quentin	
foaf_names	Skinner, Quentin	Quentin Skinner	
birthDates	1940-11-26	
dbp_names	
aliases	


http://en.wikipedia.org/wiki/Quiana_Grant
birthPlaces	http://dbpedia.org/resource/United_States	http://dbpedia.org/resource/Virginia	http://dbpedia.org/resource/Newport_News,_Virginia	
surnames	Grant	
birthNames	
givenNames	Quiana	
foaf_names	Quiana Grant	Grant, Quiana	
birthDates	1982	
dbp_names	
aliases	


http://en.wikipedia.org/wiki/Q-Unique
birthPlaces	http://dbpedia.org/resource/Bushwick,_Brooklyn	http://dbpedia.org/resource/Brooklyn	
surnames	
birthNames	
givenNames	
foaf_names	
birthDates	
dbp_names	
aliases	Quiles, Anthony (birth name)	


http://en.wikipedia.org/wiki/Qiu_Jin
birthPlaces	http://dbpedia.org/resource/Xiamen	
surnames	Qiu	
birthNames	
givenNames	Jin	
foaf_names	Qiu Jin	Qiu, Jin	Jin Qiu	
birthDates	1875-11-08	
dbp_names	
aliases	


http://en.wikipedia.org/wiki/Qiu_Chuji
birthPlaces	
surnames	Qiu	
birthNames	
givenNames	Chuji	
foaf_names	Chuji Qiu	Qiu, Chuji	
birthDates	1148	
dbp_names	
aliases	


http://en.wikipedia.org/wiki/Qwel
birthPlaces	http://dbpedia.org/resource/United_States	http://dbpedia.org/resource/Chicago	
surnames	
birthNames	
givenNames	
foaf_names	
birthDates	1980-06-06	
dbp_names	
aliases	Schreiber, Adam Vincent	


http://en.wikipedia.org/wiki/Queen_Ifrica
birthPlaces	http://dbpedia.org/resource/Montego_Bay	http://dbpedia.org/resource/Jamaica	
surnames	
birthNames	
givenNames	
foaf_names	
birthDates	1975-03-25	
dbp_names	
aliases	Ventrice Morgan, Fyah Muma	Fyah Muma	


http://en.wikipedia.org/wiki/Quintus_Lutatius_Catulus
birthPlaces	
surnames	Lutatius Catulus	
birthNames	
givenNames	Quintus	
foaf_names	Quintus Lutatius Catulus	Lutatius Catulus, Quintus	
birthDates	
dbp_names	
aliases	


http://en.wikipedia.org/wiki/Quinn_Martin
birthPlaces	http://dbpedia.org/resource/New_York_City	
surnames	Martin	
birthNames	Irwin Martin Cohn	
givenNames	Quinn	
foaf_names	Martin, Quinn	Quinn Martin	
birthDates	1922-05-22	
dbp_names	
aliases	


http://en.wikipedia.org/wiki/Quinito_Henson
birthPlaces	
surnames	Henson	
birthNames	
givenNames	Quinito	
foaf_names	Quinito Henson	Henson, Quinito	
birthDates	1950	
dbp_names	
aliases	


http://en.wikipedia.org/wiki/Quini
birthPlaces	http://dbpedia.org/resource/Oviedo	http://dbpedia.org/resource/Spain_national_football_team	
surnames	
birthNames	
givenNames	
foaf_names	
birthDates	1949-09-23	
dbp_names	
aliases	Enrique Castro Gonzalez	


http://en.wikipedia.org/wiki/Q._Allan_Brocka
birthPlaces	http://dbpedia.org/resource/Guam	
surnames	Brocka	
birthNames	Quenton Allan Brocka	
givenNames	Q. Allan	
foaf_names	Q. Allan Brocka	Brocka, Q. Allan	
birthDates	1972	
dbp_names	
aliases	


http://en.wikipedia.org/wiki/Qin_Er_Shi
birthPlaces	
surnames	
birthNames	
givenNames	
foaf_names	
birthDates	-229	
dbp_names	
aliases	Huhai	


http://en.wikipedia.org/wiki/Quintus_Curtius_Rufus
birthPlaces	
surnames	Curtius Rufus	
birthNames	
givenNames	Quintus	
foaf_names	Curtius Rufus, Quintus	Quintus Curtius Rufus	
birthDates	
dbp_names	
aliases	


http://en.wikipedia.org/wiki/Qian_Xuesen
birthPlaces	http://dbpedia.org/resource/Qing_dynasty	http://dbpedia.org/resource/China	http://dbpedia.org/resource/Hangzhou	
surnames	Qian	
birthNames	
givenNames	Hsue-shen	
foaf_names	Qian Xuesen (Tsien Hsue-shen)	Qian, Hsue-shen	Hsue-shen Qian	
birthDates	1911-12-11	
dbp_names	
aliases	


http://en.wikipedia.org/wiki/Queen_Paola_of_Belgium
birthPlaces	http://dbpedia.org/resource/Forte_dei_Marmi	http://dbpedia.org/resource/Italy	
surnames	Paola of Belgium	
birthNames	
givenNames	Queen	
foaf_names	Paola	Donna Paola deiPrincipiRuffo di Calabria	Queen Paola of Belgium	Paola of Belgium, Queen	
birthDates	1937-09-11	
dbp_names	
aliases	


http://en.wikipedia.org/wiki/Quincy_Jones_III
birthPlaces	
surnames	
birthNames	
givenNames	
foaf_names	
birthDates	1968-12-23	
dbp_names	
aliases	QDIII, QD3, Snoopy	


http://en.wikipedia.org/wiki/Quint_Studer
birthPlaces	
surnames	Studer	
birthNames	
givenNames	Quint	
foaf_names	Quint Studer	Studer, Quint	
birthDates	1951	
dbp_names	
aliases	


http://en.wikipedia.org/wiki/Qadry_Ismail
birthPlaces	http://dbpedia.org/resource/Newark,_New_Jersey	
surnames	Ismail	
birthNames	
givenNames	Qadry	
foaf_names	Qadry Ismail	Ismail, Qadry	
birthDates	1970-11-08	
dbp_names	
aliases	


http://en.wikipedia.org/wiki/Qin_Wuyang
birthPlaces	
surnames	Qin	
birthNames	
givenNames	Wuyang	
foaf_names	Wuyang Qin	Qin, Wuyang	
birthDates	
dbp_names	
aliases	


http://en.wikipedia.org/wiki/Qi_(programming_language)
birthPlaces	
surnames	
birthNames	
givenNames	
foaf_names	
birthDates	
dbp_names	
aliases	


http://en.wikipedia.org/wiki/Queen_Fabiola_of_Belgium
birthPlaces	http://dbpedia.org/resource/Madrid	http://dbpedia.org/resource/Spain	
surnames	Fabiola Of Belgium	
birthNames	
givenNames	Queen	
foaf_names	Queen Fabiola Of Belgium	Fabiola	Fabiola Of Belgium, Queen	Fabiola Fernanda María de las Victorias Antonia Adelaida	
birthDates	1928-06-11	
dbp_names	
aliases	


http://en.wikipedia.org/wiki/Quadratus_of_Athens
birthPlaces	
surnames	
birthNames	
givenNames	
foaf_names	
birthDates	
dbp_names	
aliases	


http://en.wikipedia.org/wiki/Quatrem%C3%A8re_de_Quincy
birthPlaces	
surnames	
birthNames	
givenNames	
foaf_names	
birthDates	1755-10-21	
dbp_names	
aliases	


http://en.wikipedia.org/wiki/Qiu_Ying
birthPlaces	http://dbpedia.org/resource/Jiangsu	http://dbpedia.org/resource/Taicang	
surnames	Qiu	
birthNames	
givenNames	Ying	
foaf_names	Ying Qiu	Qiu, Ying	Qiu Ying	
birthDates	1494	
dbp_names	
aliases	


http://en.wikipedia.org/wiki/Quentin_Matsys
birthPlaces	http://dbpedia.org/resource/Leuven	
surnames	Matsys	
birthNames	
givenNames	Quentin	
foaf_names	Matsys, Quentin	Quentin Matsys	
birthDates	1466	
dbp_names	
aliases	


http://en.wikipedia.org/wiki/Qasim_ibn_Muhammad_ibn_Abu_Bakr
birthPlaces	
surnames	
birthNames	
givenNames	
foaf_names	
birthDates	0660	
dbp_names	
aliases	


http://en.wikipedia.org/wiki/Quiara_Alegr%C3%ADa_Hudes
birthPlaces	
surnames	Hudes	
birthNames	
givenNames	Quiara Alegría	
foaf_names	Quiara Alegría Hudes	
birthDates	1977	
dbp_names	
aliases	


http://en.wikipedia.org/wiki/Quintus_Caecilius_Metellus_Balearicus
birthPlaces	
surnames	Caecilius Metellus Balearicus	
birthNames	
givenNames	Quintus	
foaf_names	Caecilius Metellus Balearicus, Quintus	Quintus Caecilius Metellus Balearicus	
birthDates	-170	
dbp_names	
aliases	


http://en.wikipedia.org/wiki/Q-Tip_(musician)
birthPlaces	http://dbpedia.org/resource/New_York_City	http://dbpedia.org/resource/United_States	http://dbpedia.org/resource/Harlem	http://dbpedia.org/resource/New_York	
surnames	
birthNames	
givenNames	
foaf_names	
birthDates	1970-04-10	
dbp_names	
aliases	The Abstract, MC Love Child	


http://en.wikipedia.org/wiki/Qiu_Xiaolong
birthPlaces	http://dbpedia.org/resource/Shanghai	
surnames	Qiu	
birthNames	
givenNames	Xiaolong	
foaf_names	裘小龙	Xiaolong Qiu	Qiu, Xiaolong	Qiu Xiaolong	
birthDates	1953	
dbp_names	
aliases	


http://en.wikipedia.org/wiki/Quli_Qutb_Mulk
birthPlaces	
surnames	
birthNames	
givenNames	
foaf_names	
birthDates	
dbp_names	
aliases	


http://en.wikipedia.org/wiki/Queen_Komal_of_Nepal
birthPlaces	http://dbpedia.org/resource/Kathmandu	http://dbpedia.org/resource/Kingdom_of_Nepal	
surnames	Komal of Nepal	
birthNames	
givenNames	Queen	
foaf_names	Komal	Queen Komal of Nepal	Komal of Nepal, Queen	Komal Rajya Laxmi Devi Shah	
birthDates	1951-02-18	
dbp_names	
aliases	


http://en.wikipedia.org/wiki/Quasar_Padamsee
birthPlaces	
surnames	Thakore - Padamsee	
birthNames	
givenNames	Quasar	
foaf_names	Thakore - Padamsee, Quasar	Quasar Thakore - Padamsee	
birthDates	1978-08-20	
dbp_names	
aliases	


http://en.wikipedia.org/wiki/Quirino_Cristiani
birthPlaces	
surnames	Cristiani	
birthNames	
givenNames	Quirino	
foaf_names	Quirino Cristiani	Cristiani, Quirino	
birthDates	1896-07-02	
dbp_names	
aliases	


http://en.wikipedia.org/wiki/Qusai_(musician)
birthPlaces	http://dbpedia.org/resource/Saudi_Arabia	http://dbpedia.org/resource/Riyadh	http://dbpedia.org/resource/Jeddah	
surnames	
birthNames	
givenNames	
foaf_names	
birthDates	1978-05-21	1978-05-31	
dbp_names	
aliases	Don Legend, The Kamelion	


http://en.wikipedia.org/wiki/Quintus_Aurelius_Symmachus
birthPlaces	
surnames	
birthNames	
givenNames	
foaf_names	
birthDates	0340	
dbp_names	
aliases	


http://en.wikipedia.org/wiki/Quartus_de_Wet
birthPlaces	http://dbpedia.org/resource/South_Africa	http://dbpedia.org/resource/Pretoria	
surnames	De Wet	
birthNames	
givenNames	Quartus	
foaf_names	Quartus De Wet	Quartus de Wet	De Wet, Quartus	
birthDates	1899	
dbp_names	
aliases	


http://en.wikipedia.org/wiki/Quino_Cabrera
birthPlaces	http://dbpedia.org/resource/Málaga	http://dbpedia.org/resource/M%C3%A1laga	http://dbpedia.org/resource/Spain	
surnames	Cabrera	
birthNames	
givenNames	Quino	
foaf_names	Francisco Cabrera Guinovart	Quino Cabrera	Cabrera, Quino	
birthDates	1971-03-05	
dbp_names	
aliases	Cabrera, Francisco	


http://en.wikipedia.org/wiki/Qu_Qiubai
birthPlaces	http://dbpedia.org/resource/Qing_dynasty	http://dbpedia.org/resource/Jiangsu	http://dbpedia.org/resource/Changzhou	
surnames	Qu	
birthNames	
givenNames	Qiubai	
foaf_names	瞿秋白	Qu, Qiubai	Qu Qiubai	Qiubai Qu	
birthDates	1899-01-29	
dbp_names	
aliases	


http://en.wikipedia.org/wiki/Quirinus_of_Neuss
birthPlaces	
surnames	
birthNames	
givenNames	
foaf_names	
birthDates	
dbp_names	
aliases	


http://en.wikipedia.org/wiki/Queen_Pen
birthPlaces	http://dbpedia.org/resource/United_States	http://dbpedia.org/resource/New_York_City	http://dbpedia.org/resource/Brooklyn	
surnames	
birthNames	
givenNames	
foaf_names	
birthDates	1973	
dbp_names	
aliases	Walters, Lynise	


http://en.wikipedia.org/wiki/Qazi_Altaf_Hussain
birthPlaces	http://dbpedia.org/resource/Soon_Valley	http://dbpedia.org/resource/British_Raj	
surnames	Hussain	
birthNames	
givenNames	Qazi	
foaf_names	Hussain, Qazi	Qazi Hussain	Qazi Altaf Hussain	
birthDates	1920	
dbp_names	
aliases	


http://en.wikipedia.org/wiki/Quique_%C3%81lvarez
birthPlaces	http://dbpedia.org/resource/Vigo	http://dbpedia.org/resource/Spain	
surnames	Álvarez	
birthNames	
givenNames	Quique	
foaf_names	Quique Álvarez	
birthDates	1975-07-20	
dbp_names	
aliases	


http://en.wikipedia.org/wiki/Qazi_Zafar_Hussain
birthPlaces	
surnames	Hussain	
birthNames	
givenNames	Qazi Zafar	
foaf_names	Qazi Zafar Hussain	Hussain, Qazi Zafar	
birthDates	
dbp_names	
aliases	


http://en.wikipedia.org/wiki/Qazi_Mian_Muhammad_Amjad
birthPlaces	
surnames	
birthNames	
givenNames	
foaf_names	
birthDates	
dbp_names	
aliases	


http://en.wikipedia.org/wiki/Quentin_Harris
birthPlaces	
surnames	Harris	
birthNames	
givenNames	Quentin	
foaf_names	Harris, Quentin	Quentin Harris	
birthDates	1970-09-08	
dbp_names	
aliases	


http://en.wikipedia.org/wiki/Queen_Anne-Marie_of_Greece
birthPlaces	http://dbpedia.org/resource/Amalienborg	http://dbpedia.org/resource/Copenhagen	
surnames	Anne-Marie Of Greece	
birthNames	
givenNames	Queen	
foaf_names	Queen Anne-Marie Of Greece	Anne-Marie Of Greece, Queen	Anne-Marie of Denmark	
birthDates	1946-08-30	
dbp_names	
aliases	


http://en.wikipedia.org/wiki/Quinten_Lynch
birthPlaces	http://dbpedia.org/resource/Western_Australia	
surnames	Lynch	
birthNames	
givenNames	Quinten Peter	
foaf_names	Quinten Peter Lynch	Lynch, Quinten Peter	Quinten Lynch	
birthDates	1983-01-24	
dbp_names	
aliases	


http://en.wikipedia.org/wiki/Qateel_Shifai
birthPlaces	http://dbpedia.org/resource/Pakistan	http://dbpedia.org/resource/Haripur_District	http://dbpedia.org/resource/North-West_Frontier_Province_(1901%E2%80%9355)	http://dbpedia.org/resource/North-West_Frontier_Province_(1901–55)	
surnames	Shifai	
birthNames	Muhammad Aurangzeb	
givenNames	Qateel	
foaf_names	Qateel Shifai	Shifai, Qateel	
birthDates	1919-12-24	
dbp_names	
aliases	


http://en.wikipedia.org/wiki/Quietly_Confident_Quartet
birthPlaces	
surnames	
birthNames	
givenNames	
foaf_names	
birthDates	
dbp_names	
aliases	


http://en.wikipedia.org/wiki/Quincy_Porter
birthPlaces	
surnames	Porter	
birthNames	
givenNames	Quincy	
foaf_names	Quincy Porter	Porter, Quincy	
birthDates	1897-02-07	
dbp_names	
aliases	


http://en.wikipedia.org/wiki/Queen_Ida
birthPlaces	http://dbpedia.org/resource/United_States	http://dbpedia.org/resource/Lake_Charles,_Louisiana	http://dbpedia.org/resource/Louisiana	
surnames	Ida	
birthNames	
givenNames	Queen	Ida Lee Lewis	
foaf_names	Ida, Queen	Queen Ida	
birthDates	1929-01-15	
dbp_names	
aliases	


http://en.wikipedia.org/wiki/Quentin_S._Crisp
birthPlaces	
surnames	Crisp	
birthNames	
givenNames	Quentin S.	
foaf_names	Quentin S. Crisp	Crisp, Quentin S.	
birthDates	1972	
dbp_names	
aliases	


http://en.wikipedia.org/wiki/Quinn_Redeker
birthPlaces	http://dbpedia.org/resource/United_States	http://dbpedia.org/resource/Woodstock,_Illinois	
surnames	Redeker	
birthNames	
givenNames	Quinn	
foaf_names	Redeker, Quinn	Quinn Redeker	
birthDates	1936-05-02	
dbp_names	
aliases	Quinn Redecker	Quinn Redeker	


http://en.wikipedia.org/wiki/Qi_Yuwu
birthPlaces	http://dbpedia.org/resource/Guangdong	http://dbpedia.org/resource/China	http://dbpedia.org/resource/Guangzhou	
surnames	Qi	
birthNames	
givenNames	Yuwu	
foaf_names	Qi, Yuwu	Qī Yùwǔ	Yuwu Qi	戚玉武	Qi Yuwu	
birthDates	1976-11-28	
dbp_names	
aliases	阿武	715	


http://en.wikipedia.org/wiki/Qubilah_Shabazz
birthPlaces	
surnames	Shabazz	
birthNames	
givenNames	Qubilah	
foaf_names	Qubilah Shabazz	Shabazz, Qubilah	
birthDates	1960-12-25	
dbp_names	
aliases	


http://en.wikipedia.org/wiki/Quiller
birthPlaces	
surnames	
birthNames	
givenNames	
foaf_names	
birthDates	
dbp_names	
aliases	


http://en.wikipedia.org/wiki/Qory_Sandioriva
birthPlaces	http://dbpedia.org/resource/Indonesia	http://dbpedia.org/resource/Jakarta	
surnames	Sandioriva	
birthNames	Qory Sandioriva	
givenNames	Qory	
foaf_names	Sandioriva, Qory	Qory Sandioriva	
birthDates	1991-08-17	
dbp_names	
aliases	


http://en.wikipedia.org/wiki/Quentin_Davies,_Baron_Davies_of_Stamford
birthPlaces	http://dbpedia.org/resource/Oxford	
surnames	Davies	
birthNames	
givenNames	Quentin	
foaf_names	Quentin Davies	Davies, Quentin	
birthDates	1944-05-29	
dbp_names	
aliases	


http://en.wikipedia.org/wiki/Quentin_Bell
birthPlaces	
surnames	Bell	
birthNames	
givenNames	Quentin	
foaf_names	Bell, Quentin	Quentin Bell	
birthDates	1910-08-19	
dbp_names	
aliases	


http://en.wikipedia.org/wiki/Qiao_Xuan
birthPlaces	
surnames	Qiao	
birthNames	
givenNames	Xuan	
foaf_names	Qiao, Xuan	Xuan Qiao	
birthDates	0109	
dbp_names	
aliases	Gongzu	


http://en.wikipedia.org/wiki/Quah_Kim_Song
birthPlaces	http://dbpedia.org/resource/Singapore_national_football_team	
surnames	Quah	
birthNames	
givenNames	Kim Song	
foaf_names	Quah Kim Song	Quah, Kim Song	Kim Song Quah	
birthDates	1952	
dbp_names	
aliases	


http://en.wikipedia.org/wiki/Qishan_(Manchu_official)
birthPlaces	http://dbpedia.org/resource/Beijing	
surnames	
birthNames	
givenNames	
foaf_names	
birthDates	1786	
dbp_names	
aliases	


http://en.wikipedia.org/wiki/Qiu_Zhijie
birthPlaces	http://dbpedia.org/resource/Fujian	http://dbpedia.org/resource/China	
surnames	Qiu	
birthNames	
givenNames	Zhijie	
foaf_names	Qiu, Zhijie	Zhijie Qiu	Qiu Zhijie	
birthDates	1969	
dbp_names	
aliases	


http://en.wikipedia.org/wiki/Quan_Yeomans
birthPlaces	
surnames	Yeomans	
birthNames	
givenNames	Quan Yeomans	Quan	
foaf_names	Yeomans, Quan	Quan Yeomans	
birthDates	1972-12-12	
dbp_names	
aliases	


http://en.wikipedia.org/wiki/Qiao_Guanhua
birthPlaces	http://dbpedia.org/resource/Taiwan	http://dbpedia.org/resource/Qing_dynasty	http://dbpedia.org/resource/Yancheng	
surnames	Qiao	
birthNames	
givenNames	Guanhua	
foaf_names	Guanhua Qiao	Qiao, Guanhua	Qiao Guanhua	
birthDates	1913-03-28	
dbp_names	
aliases	


http://en.wikipedia.org/wiki/Quinton_Fortune
birthPlaces	http://dbpedia.org/resource/Cape_Town	http://dbpedia.org/resource/South_Africa	
surnames	Fortune	
birthNames	
givenNames	Quinton	
foaf_names	Fortune, Quinton	Quinton Fortune	
birthDates	1977-05-21	
dbp_names	
aliases	


